"","chr.exposure","pos.exposure","beta.exposure","se.exposure","pval.exposure","samplesize.exposure","id.exposure","SNP","effect_allele.exposure","other_allele.exposure","eaf.exposure","exposure","mr_keep.exposure","pval_origin.exposure","data_source.exposure"
"1","1",41830086,-0.00759727,0.00115682,5.90065e-11,470941,"ebi-a-GCST90029012","rs56044892","T","C",0.211119,"Educational attainment (college completion) || id:ebi-a-GCST90029012",TRUE,"reported","igd"
"2","1",44076469,0.00882349,0.00100349,3.19963e-19,470941,"ebi-a-GCST90029012","rs549845","A","G",0.699305,"Educational attainment (college completion) || id:ebi-a-GCST90029012",TRUE,"reported","igd"
"3","1",53740797,-0.00607082,0.000946858,1.7e-10,470941,"ebi-a-GCST90029012","rs6696068","T","G",0.383936,"Educational attainment (college completion) || id:ebi-a-GCST90029012",TRUE,"reported","igd"
"4","1",184668823,-0.00591639,0.000938774,2.1e-10,470941,"ebi-a-GCST90029012","rs10911634","G","T",0.398718,"Educational attainment (college completion) || id:ebi-a-GCST90029012",TRUE,"reported","igd"
"5","1",243453119,-0.00795391,0.000984354,7.19946e-16,470941,"ebi-a-GCST90029012","rs12079656","T","G",0.322588,"Educational attainment (college completion) || id:ebi-a-GCST90029012",TRUE,"reported","igd"
"6","1",69416180,0.00932395,0.00156538,2.5e-09,470941,"ebi-a-GCST90029012","rs9436863","C","A",0.095588,"Educational attainment (college completion) || id:ebi-a-GCST90029012",TRUE,"reported","igd"
"7","1",110761099,-0.0101046,0.00150058,1.10002e-11,470941,"ebi-a-GCST90029012","rs76577427","G","C",0.106171,"Educational attainment (college completion) || id:ebi-a-GCST90029012",TRUE,"reported","igd"
"8","1",6867842,0.00809702,0.00126354,1.79999e-10,470941,"ebi-a-GCST90029012","rs12735232","C","T",0.157511,"Educational attainment (college completion) || id:ebi-a-GCST90029012",TRUE,"reported","igd"
"9","1",74687012,0.00589251,0.000920174,3.2e-10,470941,"ebi-a-GCST90029012","rs533371","G","A",0.488043,"Educational attainment (college completion) || id:ebi-a-GCST90029012",TRUE,"reported","igd"
"10","1",91207757,-0.0084406,0.000952125,2.60016e-19,470941,"ebi-a-GCST90029012","rs7548936","C","G",0.373107,"Educational attainment (college completion) || id:ebi-a-GCST90029012",TRUE,"reported","igd"
"11","1",93747683,-0.00893643,0.000957607,2.29985e-20,470941,"ebi-a-GCST90029012","rs7526112","G","T",0.362133,"Educational attainment (college completion) || id:ebi-a-GCST90029012",TRUE,"reported","igd"
"12","1",204587569,0.0098962,0.00113034,2.99985e-18,470941,"ebi-a-GCST90029012","rs3747631","C","G",0.209229,"Educational attainment (college completion) || id:ebi-a-GCST90029012",TRUE,"reported","igd"
"13","1",72729142,-0.00965934,0.00103861,1.59993e-20,470941,"ebi-a-GCST90029012","rs1620977","G","A",0.730839,"Educational attainment (college completion) || id:ebi-a-GCST90029012",TRUE,"reported","igd"
"14","1",216676259,0.00643487,0.000984729,1.09999e-10,470941,"ebi-a-GCST90029012","rs11572842","C","T",0.338719,"Educational attainment (college completion) || id:ebi-a-GCST90029012",TRUE,"reported","igd"
"15","1",98461132,0.0104644,0.00139999,8.69961e-14,470941,"ebi-a-GCST90029012","rs9324380","C","G",0.876445,"Educational attainment (college completion) || id:ebi-a-GCST90029012",TRUE,"reported","igd"
"16","1",111065753,-0.00720052,0.00130738,3.09999e-08,470941,"ebi-a-GCST90029012","rs7526730","T","C",0.140259,"Educational attainment (college completion) || id:ebi-a-GCST90029012",TRUE,"reported","igd"
"17","2",4952314,0.00708415,0.00116252,8.70001e-10,470941,"ebi-a-GCST90029012","rs11690224","T","C",0.195565,"Educational attainment (college completion) || id:ebi-a-GCST90029012",TRUE,"reported","igd"
"18","2",23937400,-0.0135241,0.00243154,2.39999e-08,470941,"ebi-a-GCST90029012","rs149406097","A","G",0.03721,"Educational attainment (college completion) || id:ebi-a-GCST90029012",TRUE,"reported","igd"
"19","2",34249225,0.00514126,0.000940834,2.99999e-08,470941,"ebi-a-GCST90029012","rs1961268","C","G",0.401635,"Educational attainment (college completion) || id:ebi-a-GCST90029012",TRUE,"reported","igd"
"20","2",97582235,-0.0152868,0.00262939,1.40001e-08,470941,"ebi-a-GCST90029012","rs13018621","T","A",0.03343,"Educational attainment (college completion) || id:ebi-a-GCST90029012",TRUE,"reported","igd"
"21","2",100817933,0.00990002,0.0009407,3.19963e-26,470941,"ebi-a-GCST90029012","rs12991254","C","T",0.399557,"Educational attainment (college completion) || id:ebi-a-GCST90029012",TRUE,"reported","igd"
"22","2",107623697,0.00525749,0.00094881,2.59998e-08,470941,"ebi-a-GCST90029012","rs1013014","T","G",0.381889,"Educational attainment (college completion) || id:ebi-a-GCST90029012",TRUE,"reported","igd"
"23","2",172597929,0.00563142,0.00102335,3.79997e-08,470941,"ebi-a-GCST90029012","rs10200608","A","G",0.281178,"Educational attainment (college completion) || id:ebi-a-GCST90029012",TRUE,"reported","igd"
"24","2",174171884,0.00612395,0.000966356,2.59998e-10,470941,"ebi-a-GCST90029012","rs4972400","A","G",0.344886,"Educational attainment (college completion) || id:ebi-a-GCST90029012",TRUE,"reported","igd"
"25","2",199495830,0.00721451,0.000924646,6.20012e-15,470941,"ebi-a-GCST90029012","rs10931821","T","A",0.524138,"Educational attainment (college completion) || id:ebi-a-GCST90029012",TRUE,"reported","igd"
"26","2",59145722,0.00789716,0.00140698,2.19999e-08,470941,"ebi-a-GCST90029012","rs67593591","A","G",0.125913,"Educational attainment (college completion) || id:ebi-a-GCST90029012",TRUE,"reported","igd"
"27","2",104454345,0.00534366,0.000926277,6.90001e-09,470941,"ebi-a-GCST90029012","rs1441098","T","A",0.544042,"Educational attainment (college completion) || id:ebi-a-GCST90029012",TRUE,"reported","igd"
"28","2",157488277,-0.00617661,0.000923754,1.69981e-11,470941,"ebi-a-GCST90029012","rs6436555","C","A",0.509761,"Educational attainment (college completion) || id:ebi-a-GCST90029012",TRUE,"reported","igd"
"29","2",175199092,-0.0130068,0.00195021,2.60016e-11,470941,"ebi-a-GCST90029012","rs72915557","A","G",0.059743,"Educational attainment (college completion) || id:ebi-a-GCST90029012",TRUE,"reported","igd"
"30","2",193753869,-0.00600987,0.000929697,1.2e-10,470941,"ebi-a-GCST90029012","rs1913145","C","G",0.538173,"Educational attainment (college completion) || id:ebi-a-GCST90029012",TRUE,"reported","igd"
"31","2",44854981,-0.00696772,0.0009471,7.50067e-14,470941,"ebi-a-GCST90029012","rs12468040","G","T",0.620055,"Educational attainment (college completion) || id:ebi-a-GCST90029012",TRUE,"reported","igd"
"32","2",144257639,0.00682094,0.000944596,5.30029e-13,470941,"ebi-a-GCST90029012","rs13409451","G","A",0.39083,"Educational attainment (college completion) || id:ebi-a-GCST90029012",TRUE,"reported","igd"
"33","2",186139826,0.00552423,0.000926936,3.40001e-09,470941,"ebi-a-GCST90029012","rs10205057","T","C",0.560206,"Educational attainment (college completion) || id:ebi-a-GCST90029012",TRUE,"reported","igd"
"34","2",145803003,-0.00570441,0.000965246,1.89998e-09,470941,"ebi-a-GCST90029012","rs2252383","G","A",0.654733,"Educational attainment (college completion) || id:ebi-a-GCST90029012",TRUE,"reported","igd"
"35","2",10977585,0.00791439,0.00140571,8.50002e-09,470941,"ebi-a-GCST90029012","rs76076331","T","C",0.123749,"Educational attainment (college completion) || id:ebi-a-GCST90029012",TRUE,"reported","igd"
"36","2",29039575,-0.00664359,0.00112738,3.40001e-09,470941,"ebi-a-GCST90029012","rs7599087","C","T",0.215982,"Educational attainment (college completion) || id:ebi-a-GCST90029012",TRUE,"reported","igd"
"37","2",57941185,0.00550971,0.000928006,3.79997e-09,470941,"ebi-a-GCST90029012","rs11885093","T","C",0.433314,"Educational attainment (college completion) || id:ebi-a-GCST90029012",TRUE,"reported","igd"
"38","2",60713235,-0.00686432,0.000929889,1.10002e-13,470941,"ebi-a-GCST90029012","rs10189857","G","A",0.432123,"Educational attainment (college completion) || id:ebi-a-GCST90029012",TRUE,"reported","igd"
"39","2",68062792,-0.00791016,0.00138201,8.99995e-09,470941,"ebi-a-GCST90029012","rs2455775","C","T",0.12888,"Educational attainment (college completion) || id:ebi-a-GCST90029012",TRUE,"reported","igd"
"40","2",159411506,0.00860843,0.00151033,1e-08,470941,"ebi-a-GCST90029012","rs6437189","T","C",0.893125,"Educational attainment (college completion) || id:ebi-a-GCST90029012",TRUE,"reported","igd"
"41","2",162101261,-0.00910289,0.000954387,1.80011e-21,470941,"ebi-a-GCST90029012","rs11678980","A","G",0.461685,"Educational attainment (college completion) || id:ebi-a-GCST90029012",TRUE,"reported","igd"
"42","2",212654200,-0.0076136,0.001024,1.59993e-13,470941,"ebi-a-GCST90029012","rs62184480","T","C",0.283878,"Educational attainment (college completion) || id:ebi-a-GCST90029012",TRUE,"reported","igd"
"43","2",228994006,-0.00700923,0.0009195,2.09991e-14,470941,"ebi-a-GCST90029012","rs28591249","G","A",0.482114,"Educational attainment (college completion) || id:ebi-a-GCST90029012",TRUE,"reported","igd"
"44","2",233743794,0.0135786,0.00199561,5.00035e-12,470941,"ebi-a-GCST90029012","rs35811586","T","C",0.056228,"Educational attainment (college completion) || id:ebi-a-GCST90029012",TRUE,"reported","igd"
"45","2",240265617,0.00544787,0.000977207,1.7e-08,470941,"ebi-a-GCST90029012","rs6706275","T","C",0.330837,"Educational attainment (college completion) || id:ebi-a-GCST90029012",TRUE,"reported","igd"
"46","3",49917021,-0.0226266,0.0037198,9.40005e-10,470941,"ebi-a-GCST90029012","rs77719387","A","T",0.017653,"Educational attainment (college completion) || id:ebi-a-GCST90029012",TRUE,"reported","igd"
"47","3",93874454,0.00518089,0.000929348,1.7e-08,470941,"ebi-a-GCST90029012","rs10934957","C","G",0.524582,"Educational attainment (college completion) || id:ebi-a-GCST90029012",TRUE,"reported","igd"
"48","3",141659512,-0.00806048,0.00126561,1.5e-10,470941,"ebi-a-GCST90029012","rs6440053","A","T",0.84122,"Educational attainment (college completion) || id:ebi-a-GCST90029012",TRUE,"reported","igd"
"49","3",143636421,-0.00621827,0.000930903,1.99986e-11,470941,"ebi-a-GCST90029012","rs2885198","G","A",0.466427,"Educational attainment (college completion) || id:ebi-a-GCST90029012",TRUE,"reported","igd"
"50","3",161355163,-0.00564155,0.000946058,1.6e-09,470941,"ebi-a-GCST90029012","rs9879265","C","T",0.385868,"Educational attainment (college completion) || id:ebi-a-GCST90029012",TRUE,"reported","igd"
"51","3",196220799,-0.00768894,0.00126857,7.39997e-10,470941,"ebi-a-GCST90029012","rs2341336","T","C",0.838283,"Educational attainment (college completion) || id:ebi-a-GCST90029012",TRUE,"reported","igd"
"52","3",49391082,0.0138194,0.00100021,9.30037e-44,470941,"ebi-a-GCST90029012","rs13090388","T","C",0.306266,"Educational attainment (college completion) || id:ebi-a-GCST90029012",TRUE,"reported","igd"
"53","3",108036819,0.0070175,0.00109928,1.79999e-10,470941,"ebi-a-GCST90029012","rs79269403","A","G",0.230982,"Educational attainment (college completion) || id:ebi-a-GCST90029012",TRUE,"reported","igd"
"54","3",18249973,-0.00514591,0.000938709,4.39997e-08,470941,"ebi-a-GCST90029012","rs6779035","C","T",0.590962,"Educational attainment (college completion) || id:ebi-a-GCST90029012",TRUE,"reported","igd"
"55","3",71578737,0.00729698,0.000932296,2.49977e-15,470941,"ebi-a-GCST90029012","rs7624274","A","T",0.437955,"Educational attainment (college completion) || id:ebi-a-GCST90029012",TRUE,"reported","igd"
"56","3",85691295,0.00952363,0.000964498,2.70023e-23,470941,"ebi-a-GCST90029012","rs35623690","C","G",0.352935,"Educational attainment (college completion) || id:ebi-a-GCST90029012",TRUE,"reported","igd"
"57","3",132024644,-0.00667814,0.0011475,7.00003e-09,470941,"ebi-a-GCST90029012","rs4337674","A","G",0.204663,"Educational attainment (college completion) || id:ebi-a-GCST90029012",TRUE,"reported","igd"
"58","3",180938097,0.00771183,0.00140192,2.90001e-08,470941,"ebi-a-GCST90029012","rs2718794","C","T",0.877313,"Educational attainment (college completion) || id:ebi-a-GCST90029012",TRUE,"reported","igd"
"59","4",15393835,0.00595686,0.000973654,1e-09,470941,"ebi-a-GCST90029012","rs1861047","A","G",0.344794,"Educational attainment (college completion) || id:ebi-a-GCST90029012",TRUE,"reported","igd"
"60","4",67959875,0.00673232,0.000922068,2.90001e-13,470941,"ebi-a-GCST90029012","rs10518019","G","A",0.477094,"Educational attainment (college completion) || id:ebi-a-GCST90029012",TRUE,"reported","igd"
"61","4",147874875,0.00707676,0.000948267,7.19946e-14,470941,"ebi-a-GCST90029012","rs1469921","C","T",0.382671,"Educational attainment (college completion) || id:ebi-a-GCST90029012",TRUE,"reported","igd"
"62","4",2958186,0.00782256,0.000983132,1.10002e-15,470941,"ebi-a-GCST90029012","rs3021146","G","A",0.32623,"Educational attainment (college completion) || id:ebi-a-GCST90029012",TRUE,"reported","igd"
"63","4",45979755,0.006056,0.00092994,1.79999e-10,470941,"ebi-a-GCST90029012","rs7698230","A","G",0.455783,"Educational attainment (college completion) || id:ebi-a-GCST90029012",TRUE,"reported","igd"
"64","4",152868527,0.00525114,0.000933407,2.1e-08,470941,"ebi-a-GCST90029012","rs360947","A","G",0.56214,"Educational attainment (college completion) || id:ebi-a-GCST90029012",TRUE,"reported","igd"
"65","4",25408838,0.00686648,0.00109337,4.39997e-10,470941,"ebi-a-GCST90029012","rs34811474","A","G",0.231243,"Educational attainment (college completion) || id:ebi-a-GCST90029012",TRUE,"reported","igd"
"66","4",106151843,-0.0077406,0.000994885,5.00035e-15,470941,"ebi-a-GCST90029012","rs1391438","C","T",0.687774,"Educational attainment (college completion) || id:ebi-a-GCST90029012",TRUE,"reported","igd"
"67","4",172427073,-0.00650316,0.00105706,5.1e-10,470941,"ebi-a-GCST90029012","rs11732657","A","G",0.740714,"Educational attainment (college completion) || id:ebi-a-GCST90029012",TRUE,"reported","igd"
"68","4",159912239,-0.00581592,0.000962078,1.29999e-09,470941,"ebi-a-GCST90029012","rs34281671","G","A",0.355789,"Educational attainment (college completion) || id:ebi-a-GCST90029012",TRUE,"reported","igd"
"69","4",160480533,0.00641293,0.000921335,3.10027e-12,470941,"ebi-a-GCST90029012","rs4339163","C","T",0.521222,"Educational attainment (college completion) || id:ebi-a-GCST90029012",TRUE,"reported","igd"
"70","4",176648332,0.00531798,0.000932877,1.7e-08,470941,"ebi-a-GCST90029012","rs9284954","A","C",0.544218,"Educational attainment (college completion) || id:ebi-a-GCST90029012",TRUE,"reported","igd"
"71","4",94544223,-0.00556586,0.000933984,2.80001e-09,470941,"ebi-a-GCST90029012","rs11097376","A","G",0.549791,"Educational attainment (college completion) || id:ebi-a-GCST90029012",TRUE,"reported","igd"
"72","5",25461181,-0.00748033,0.00137292,4.20001e-08,470941,"ebi-a-GCST90029012","rs4353993","C","T",0.130636,"Educational attainment (college completion) || id:ebi-a-GCST90029012",TRUE,"reported","igd"
"73","5",89399330,0.00629631,0.00111936,2.39999e-08,470941,"ebi-a-GCST90029012","rs1698135","G","T",0.221322,"Educational attainment (college completion) || id:ebi-a-GCST90029012",TRUE,"reported","igd"
"74","5",136517761,0.0082744,0.00135882,1.40001e-09,470941,"ebi-a-GCST90029012","rs1865407","G","A",0.865707,"Educational attainment (college completion) || id:ebi-a-GCST90029012",TRUE,"reported","igd"
"75","5",139697220,0.00608616,0.000931784,2.49977e-11,470941,"ebi-a-GCST90029012","rs2189659","A","C",0.544626,"Educational attainment (college completion) || id:ebi-a-GCST90029012",TRUE,"reported","igd"
"76","5",92187932,-0.00559321,0.000934273,2.59998e-09,470941,"ebi-a-GCST90029012","rs17669337","T","C",0.413209,"Educational attainment (college completion) || id:ebi-a-GCST90029012",TRUE,"reported","igd"
"77","5",92870246,0.0124035,0.00222057,2.5e-08,470941,"ebi-a-GCST90029012","rs114468556","A","T",0.046521,"Educational attainment (college completion) || id:ebi-a-GCST90029012",TRUE,"reported","igd"
"78","5",124308767,0.00740207,0.00107233,3.69999e-12,470941,"ebi-a-GCST90029012","rs6861021","C","T",0.253121,"Educational attainment (college completion) || id:ebi-a-GCST90029012",TRUE,"reported","igd"
"79","5",176889530,-0.00590592,0.000928835,2.1e-10,470941,"ebi-a-GCST90029012","rs335466","A","C",0.561827,"Educational attainment (college completion) || id:ebi-a-GCST90029012",TRUE,"reported","igd"
"80","5",30802867,-0.00575479,0.000938383,1.2e-09,470941,"ebi-a-GCST90029012","rs10940919","A","G",0.588162,"Educational attainment (college completion) || id:ebi-a-GCST90029012",TRUE,"reported","igd"
"81","5",62991802,-0.00623281,0.000928033,1.59993e-11,470941,"ebi-a-GCST90029012","rs1812587","T","G",0.456757,"Educational attainment (college completion) || id:ebi-a-GCST90029012",TRUE,"reported","igd"
"82","5",26880925,-0.00819596,0.00137045,1.09999e-09,470941,"ebi-a-GCST90029012","rs75973558","G","A",0.130104,"Educational attainment (college completion) || id:ebi-a-GCST90029012",TRUE,"reported","igd"
"83","5",53167117,-0.00767903,0.00135004,1.89998e-08,470941,"ebi-a-GCST90029012","rs702606","C","T",0.135597,"Educational attainment (college completion) || id:ebi-a-GCST90029012",TRUE,"reported","igd"
"84","5",59670035,-0.00580691,0.00103498,1.40001e-08,470941,"ebi-a-GCST90029012","rs1363862","A","G",0.277297,"Educational attainment (college completion) || id:ebi-a-GCST90029012",TRUE,"reported","igd"
"85","5",60098267,0.0093731,0.000923479,5.40008e-24,470941,"ebi-a-GCST90029012","rs4700393","G","A",0.519074,"Educational attainment (college completion) || id:ebi-a-GCST90029012",TRUE,"reported","igd"
"86","5",88002084,-0.0090629,0.000937345,3.59998e-22,470941,"ebi-a-GCST90029012","rs640177","A","T",0.581845,"Educational attainment (college completion) || id:ebi-a-GCST90029012",TRUE,"reported","igd"
"87","5",112379434,0.00534988,0.000923,6.49995e-09,470941,"ebi-a-GCST90029012","rs4705755","A","T",0.506225,"Educational attainment (college completion) || id:ebi-a-GCST90029012",TRUE,"reported","igd"
"88","5",113866598,-0.00875971,0.0011306,7.19946e-15,470941,"ebi-a-GCST90029012","rs660001","A","G",0.210877,"Educational attainment (college completion) || id:ebi-a-GCST90029012",TRUE,"reported","igd"
"89","5",106924597,0.00542852,0.000974206,4.09996e-08,470941,"ebi-a-GCST90029012","rs10045552","T","C",0.341779,"Educational attainment (college completion) || id:ebi-a-GCST90029012",TRUE,"reported","igd"
"90","6",126990392,0.00539377,0.000926684,7.19996e-09,470941,"ebi-a-GCST90029012","rs6918725","G","T",0.519347,"Educational attainment (college completion) || id:ebi-a-GCST90029012",TRUE,"reported","igd"
"91","6",152215722,0.0067183,0.000959874,1.29987e-12,470941,"ebi-a-GCST90029012","rs11155821","C","T",0.634706,"Educational attainment (college completion) || id:ebi-a-GCST90029012",TRUE,"reported","igd"
"92","6",14711961,0.00895771,0.00120506,8.30042e-14,470941,"ebi-a-GCST90029012","rs7757476","A","G",0.186928,"Educational attainment (college completion) || id:ebi-a-GCST90029012",TRUE,"reported","igd"
"93","6",88197928,-0.0100918,0.00158577,2.59998e-10,470941,"ebi-a-GCST90029012","rs75775827","A","G",0.093709,"Educational attainment (college completion) || id:ebi-a-GCST90029012",TRUE,"reported","igd"
"94","6",98591622,0.0130531,0.000925471,2.19989e-45,470941,"ebi-a-GCST90029012","rs2388334","G","A",0.482776,"Educational attainment (college completion) || id:ebi-a-GCST90029012",TRUE,"reported","igd"
"95","6",157106114,-0.00658962,0.00113604,6.19998e-09,470941,"ebi-a-GCST90029012","rs112139144","A","G",0.209113,"Educational attainment (college completion) || id:ebi-a-GCST90029012",TRUE,"reported","igd"
"96","6",16966052,0.00896512,0.00109428,2.99985e-16,470941,"ebi-a-GCST90029012","rs72829857","G","A",0.233987,"Educational attainment (college completion) || id:ebi-a-GCST90029012",TRUE,"reported","igd"
"97","6",26229161,0.00954452,0.00103369,2.29985e-20,470941,"ebi-a-GCST90029012","rs806789","A","C",0.472121,"Educational attainment (college completion) || id:ebi-a-GCST90029012",TRUE,"reported","igd"
"98","6",19049497,0.00728521,0.0011774,8.79995e-10,470941,"ebi-a-GCST90029012","rs1407495","A","G",0.194483,"Educational attainment (college completion) || id:ebi-a-GCST90029012",TRUE,"reported","igd"
"99","6",33567560,-0.0164272,0.00301449,3.40001e-08,470941,"ebi-a-GCST90029012","rs521671","C","T",0.024363,"Educational attainment (college completion) || id:ebi-a-GCST90029012",TRUE,"reported","igd"
"100","6",108861264,-0.00557022,0.000956066,1.09999e-08,470941,"ebi-a-GCST90029012","rs1575676","T","C",0.368532,"Educational attainment (college completion) || id:ebi-a-GCST90029012",TRUE,"reported","igd"
"101","6",140725721,-0.0113083,0.00186977,1.2e-09,470941,"ebi-a-GCST90029012","rs72977992","A","G",0.065495,"Educational attainment (college completion) || id:ebi-a-GCST90029012",TRUE,"reported","igd"
"102","6",98212163,0.00566346,0.000958279,5.1e-09,470941,"ebi-a-GCST90029012","rs12526814","C","T",0.570298,"Educational attainment (college completion) || id:ebi-a-GCST90029012",TRUE,"reported","igd"
"103","6",114627683,0.00644056,0.00107387,1.5e-09,470941,"ebi-a-GCST90029012","rs74762347","C","T",0.245551,"Educational attainment (college completion) || id:ebi-a-GCST90029012",TRUE,"reported","igd"
"104","6",128328833,-0.00564152,0.000939399,1e-09,470941,"ebi-a-GCST90029012","rs7742212","A","G",0.562622,"Educational attainment (college completion) || id:ebi-a-GCST90029012",TRUE,"reported","igd"
"105","7",24756377,0.00729191,0.00116668,4.30002e-10,470941,"ebi-a-GCST90029012","rs2299098","C","G",0.195952,"Educational attainment (college completion) || id:ebi-a-GCST90029012",TRUE,"reported","igd"
"106","7",104497678,-0.00598757,0.00093809,1.5e-10,470941,"ebi-a-GCST90029012","rs12705284","T","C",0.58797,"Educational attainment (college completion) || id:ebi-a-GCST90029012",TRUE,"reported","igd"
"107","7",127170015,-0.00637835,0.00105317,1.6e-09,470941,"ebi-a-GCST90029012","rs4731366","T","C",0.740643,"Educational attainment (college completion) || id:ebi-a-GCST90029012",TRUE,"reported","igd"
"108","7",44808416,0.00577657,0.000936195,8e-10,470941,"ebi-a-GCST90029012","rs3812257","G","A",0.419177,"Educational attainment (college completion) || id:ebi-a-GCST90029012",TRUE,"reported","igd"
"109","7",92662327,0.00564369,0.000941969,1.89998e-09,470941,"ebi-a-GCST90029012","rs12534506","T","A",0.491865,"Educational attainment (college completion) || id:ebi-a-GCST90029012",TRUE,"reported","igd"
"110","7",115053728,-0.00542861,0.000928413,5.60003e-09,470941,"ebi-a-GCST90029012","rs10239094","T","G",0.549305,"Educational attainment (college completion) || id:ebi-a-GCST90029012",TRUE,"reported","igd"
"111","7",151321161,-0.00644295,0.00105569,8.50002e-10,470941,"ebi-a-GCST90029012","rs2727565","A","C",0.257824,"Educational attainment (college completion) || id:ebi-a-GCST90029012",TRUE,"reported","igd"
"112","7",49902975,0.00528494,0.000925023,1.09999e-08,470941,"ebi-a-GCST90029012","rs2128941","A","G",0.478566,"Educational attainment (college completion) || id:ebi-a-GCST90029012",TRUE,"reported","igd"
"113","7",133304694,-0.0089921,0.00113873,1.69981e-15,470941,"ebi-a-GCST90029012","rs57352738","A","T",0.208012,"Educational attainment (college completion) || id:ebi-a-GCST90029012",TRUE,"reported","igd"
"114","7",2032803,0.00788213,0.00118625,2.49977e-11,470941,"ebi-a-GCST90029012","rs11764590","T","C",0.185892,"Educational attainment (college completion) || id:ebi-a-GCST90029012",TRUE,"reported","igd"
"115","7",2194607,-0.00888658,0.00110534,9.60064e-16,470941,"ebi-a-GCST90029012","rs3800925","C","T",0.225094,"Educational attainment (college completion) || id:ebi-a-GCST90029012",TRUE,"reported","igd"
"116","7",32347335,0.00671771,0.000955198,6.20012e-13,470941,"ebi-a-GCST90029012","rs215614","A","G",0.627951,"Educational attainment (college completion) || id:ebi-a-GCST90029012",TRUE,"reported","igd"
"117","7",71690601,-0.00702847,0.000930145,4.19952e-14,470941,"ebi-a-GCST90029012","rs1914391","T","C",0.4417,"Educational attainment (college completion) || id:ebi-a-GCST90029012",TRUE,"reported","igd"
"118","7",75132471,-0.00581226,0.000930812,4e-10,470941,"ebi-a-GCST90029012","rs62477728","C","G",0.563406,"Educational attainment (college completion) || id:ebi-a-GCST90029012",TRUE,"reported","igd"
"119","8",9556500,0.00703837,0.00127412,4.20001e-08,470941,"ebi-a-GCST90029012","rs11249939","A","G",0.614219,"Educational attainment (college completion) || id:ebi-a-GCST90029012",TRUE,"reported","igd"
"120","8",118927000,-0.00601115,0.00101108,1.29999e-09,470941,"ebi-a-GCST90029012","rs11780699","C","T",0.296765,"Educational attainment (college completion) || id:ebi-a-GCST90029012",TRUE,"reported","igd"
"121","8",66470962,0.00548555,0.000933518,2.5e-09,470941,"ebi-a-GCST90029012","rs6991838","A","G",0.566052,"Educational attainment (college completion) || id:ebi-a-GCST90029012",TRUE,"reported","igd"
"122","8",105016502,0.00616191,0.00109496,1.2e-08,470941,"ebi-a-GCST90029012","rs56370807","A","G",0.232691,"Educational attainment (college completion) || id:ebi-a-GCST90029012",TRUE,"reported","igd"
"123","8",142637867,-0.00801175,0.000950302,4.40048e-17,470941,"ebi-a-GCST90029012","rs11775333","C","T",0.385969,"Educational attainment (college completion) || id:ebi-a-GCST90029012",TRUE,"reported","igd"
"124","8",20881342,0.00547882,0.000929954,3.09999e-09,470941,"ebi-a-GCST90029012","rs66890092","T","C",0.561238,"Educational attainment (college completion) || id:ebi-a-GCST90029012",TRUE,"reported","igd"
"125","8",95404583,0.00568618,0.00101612,2.1e-08,470941,"ebi-a-GCST90029012","rs12681504","A","G",0.290577,"Educational attainment (college completion) || id:ebi-a-GCST90029012",TRUE,"reported","igd"
"126","8",130917407,0.00539304,0.000925366,3.29997e-09,470941,"ebi-a-GCST90029012","rs367117","G","T",0.467528,"Educational attainment (college completion) || id:ebi-a-GCST90029012",TRUE,"reported","igd"
"127","8",42390873,0.00541215,0.000922586,3.89996e-09,470941,"ebi-a-GCST90029012","rs2974337","T","C",0.500248,"Educational attainment (college completion) || id:ebi-a-GCST90029012",TRUE,"reported","igd"
"128","8",77372988,0.00605364,0.00108163,2.39999e-08,470941,"ebi-a-GCST90029012","rs56099375","T","C",0.241979,"Educational attainment (college completion) || id:ebi-a-GCST90029012",TRUE,"reported","igd"
"129","8",143586923,0.0241023,0.0037648,1.6e-10,470941,"ebi-a-GCST90029012","rs118083122","C","G",0.017269,"Educational attainment (college completion) || id:ebi-a-GCST90029012",TRUE,"reported","igd"
"130","8",143769252,0.00513089,0.000933656,3.69999e-08,470941,"ebi-a-GCST90029012","rs2717609","T","A",0.465928,"Educational attainment (college completion) || id:ebi-a-GCST90029012",TRUE,"reported","igd"
"131","9",134933730,0.00559757,0.000977816,1.2e-08,470941,"ebi-a-GCST90029012","rs4246167","T","C",0.662515,"Educational attainment (college completion) || id:ebi-a-GCST90029012",TRUE,"reported","igd"
"132","9",23357826,0.0127305,0.000937331,1.39991e-42,470941,"ebi-a-GCST90029012","rs7868984","C","T",0.416097,"Educational attainment (college completion) || id:ebi-a-GCST90029012",TRUE,"reported","igd"
"133","9",82446774,0.00615232,0.00111374,1.79999e-08,470941,"ebi-a-GCST90029012","rs3908618","T","C",0.776427,"Educational attainment (college completion) || id:ebi-a-GCST90029012",TRUE,"reported","igd"
"134","9",88006338,-0.00583626,0.000926395,5.19996e-10,470941,"ebi-a-GCST90029012","rs17425572","G","A",0.527372,"Educational attainment (college completion) || id:ebi-a-GCST90029012",TRUE,"reported","igd"
"135","9",124617919,0.00700099,0.000927519,5.19996e-14,470941,"ebi-a-GCST90029012","rs7032484","A","G",0.554779,"Educational attainment (college completion) || id:ebi-a-GCST90029012",TRUE,"reported","igd"
"136","9",135718584,0.00659653,0.00119485,3.69999e-08,470941,"ebi-a-GCST90029012","rs214626","A","G",0.182295,"Educational attainment (college completion) || id:ebi-a-GCST90029012",TRUE,"reported","igd"
"137","9",1784713,0.00877251,0.00108443,6.20012e-16,470941,"ebi-a-GCST90029012","rs34373811","G","T",0.23854,"Educational attainment (college completion) || id:ebi-a-GCST90029012",TRUE,"reported","igd"
"138","9",14145257,-0.00787354,0.00124144,3.59998e-10,470941,"ebi-a-GCST90029012","rs12554151","G","A",0.167433,"Educational attainment (college completion) || id:ebi-a-GCST90029012",TRUE,"reported","igd"
"139","10",133775196,0.00817572,0.0010625,1.20005e-14,470941,"ebi-a-GCST90029012","rs7921305","A","G",0.252841,"Educational attainment (college completion) || id:ebi-a-GCST90029012",TRUE,"reported","igd"
"140","10",12395100,0.00573414,0.000933482,5.30005e-10,470941,"ebi-a-GCST90029012","rs10752262","T","C",0.428925,"Educational attainment (college completion) || id:ebi-a-GCST90029012",TRUE,"reported","igd"
"141","10",20587022,0.00654813,0.00110852,4e-09,470941,"ebi-a-GCST90029012","rs11011942","T","C",0.225457,"Educational attainment (college completion) || id:ebi-a-GCST90029012",TRUE,"reported","igd"
"142","10",65836969,-0.00797506,0.00129499,7.10003e-10,470941,"ebi-a-GCST90029012","rs12218315","A","G",0.151016,"Educational attainment (college completion) || id:ebi-a-GCST90029012",TRUE,"reported","igd"
"143","10",10963539,-0.00615234,0.00108139,1.40001e-08,470941,"ebi-a-GCST90029012","rs4387263","C","T",0.239421,"Educational attainment (college completion) || id:ebi-a-GCST90029012",TRUE,"reported","igd"
"144","10",67963186,-0.00593219,0.00092968,1.6e-10,470941,"ebi-a-GCST90029012","rs7920624","T","A",0.537014,"Educational attainment (college completion) || id:ebi-a-GCST90029012",TRUE,"reported","igd"
"145","10",106780515,-0.00659645,0.00117383,1.09999e-08,470941,"ebi-a-GCST90029012","rs790643","T","C",0.191709,"Educational attainment (college completion) || id:ebi-a-GCST90029012",TRUE,"reported","igd"
"146","10",126418782,-0.00552667,0.000934185,2.69998e-09,470941,"ebi-a-GCST90029012","rs11245344","T","C",0.571029,"Educational attainment (college completion) || id:ebi-a-GCST90029012",TRUE,"reported","igd"
"147","10",87074564,0.00655761,0.00107535,8.70001e-10,470941,"ebi-a-GCST90029012","rs35649565","A","G",0.244891,"Educational attainment (college completion) || id:ebi-a-GCST90029012",TRUE,"reported","igd"
"148","10",93443074,0.0050996,0.00094839,4.60002e-08,470941,"ebi-a-GCST90029012","rs34190234","C","A",0.416658,"Educational attainment (college completion) || id:ebi-a-GCST90029012",TRUE,"reported","igd"
"149","10",103823135,-0.00838706,0.000938254,3.50026e-19,470941,"ebi-a-GCST90029012","rs2786847","G","A",0.579594,"Educational attainment (college completion) || id:ebi-a-GCST90029012",TRUE,"reported","igd"
"150","10",11140234,-0.00589402,0.000980426,1.09999e-09,470941,"ebi-a-GCST90029012","rs1888187","T","C",0.337557,"Educational attainment (college completion) || id:ebi-a-GCST90029012",TRUE,"reported","igd"
"151","10",65191645,0.00526724,0.000923388,7.19996e-09,470941,"ebi-a-GCST90029012","rs7924036","T","G",0.503576,"Educational attainment (college completion) || id:ebi-a-GCST90029012",TRUE,"reported","igd"
"152","11",25071432,-0.00556616,0.000923256,1.7e-09,470941,"ebi-a-GCST90029012","rs4567409","G","A",0.49794,"Educational attainment (college completion) || id:ebi-a-GCST90029012",TRUE,"reported","igd"
"153","11",39829630,0.0073524,0.00129308,1.09999e-08,470941,"ebi-a-GCST90029012","rs1020875","C","G",0.849381,"Educational attainment (college completion) || id:ebi-a-GCST90029012",TRUE,"reported","igd"
"154","11",61313525,-0.0144094,0.00255214,1.09999e-08,470941,"ebi-a-GCST90029012","rs77128898","T","C",0.035334,"Educational attainment (college completion) || id:ebi-a-GCST90029012",TRUE,"reported","igd"
"155","11",72473262,-0.00609406,0.00106922,1.2e-08,470941,"ebi-a-GCST90029012","rs1277060","C","T",0.254506,"Educational attainment (college completion) || id:ebi-a-GCST90029012",TRUE,"reported","igd"
"156","11",112849972,-0.0063136,0.00106269,5.60003e-09,470941,"ebi-a-GCST90029012","rs1940711","C","A",0.252528,"Educational attainment (college completion) || id:ebi-a-GCST90029012",TRUE,"reported","igd"
"157","11",12881398,0.00555367,0.000991782,1.89998e-08,470941,"ebi-a-GCST90029012","rs4757957","C","G",0.680127,"Educational attainment (college completion) || id:ebi-a-GCST90029012",TRUE,"reported","igd"
"158","11",95508121,0.00689442,0.000925562,1.29987e-13,470941,"ebi-a-GCST90029012","rs1254989","G","A",0.464692,"Educational attainment (college completion) || id:ebi-a-GCST90029012",TRUE,"reported","igd"
"159","11",66066664,0.00635567,0.000941317,1.59993e-11,470941,"ebi-a-GCST90029012","rs4930351","G","A",0.498815,"Educational attainment (college completion) || id:ebi-a-GCST90029012",TRUE,"reported","igd"
"160","11",28743701,0.00683679,0.00100391,1e-11,470941,"ebi-a-GCST90029012","rs567203","C","T",0.678559,"Educational attainment (college completion) || id:ebi-a-GCST90029012",TRUE,"reported","igd"
"161","11",104483705,0.00529341,0.000926121,8.99995e-09,470941,"ebi-a-GCST90029012","rs4531435","G","A",0.537394,"Educational attainment (college completion) || id:ebi-a-GCST90029012",TRUE,"reported","igd"
"162","12",97680832,-0.00565226,0.00103141,3.40001e-08,470941,"ebi-a-GCST90029012","rs4491284","A","G",0.281161,"Educational attainment (college completion) || id:ebi-a-GCST90029012",TRUE,"reported","igd"
"163","12",56403577,0.0061179,0.000972844,3.50002e-10,470941,"ebi-a-GCST90029012","rs772921","T","C",0.341233,"Educational attainment (college completion) || id:ebi-a-GCST90029012",TRUE,"reported","igd"
"164","12",58461220,0.00557456,0.00101122,3.79997e-08,470941,"ebi-a-GCST90029012","rs4760188","C","T",0.703928,"Educational attainment (college completion) || id:ebi-a-GCST90029012",TRUE,"reported","igd"
"165","12",83925736,0.0064791,0.000924702,2.90001e-12,470941,"ebi-a-GCST90029012","rs2201718","C","T",0.462923,"Educational attainment (college completion) || id:ebi-a-GCST90029012",TRUE,"reported","igd"
"166","12",14551025,-0.00510947,0.000930088,3.40001e-08,470941,"ebi-a-GCST90029012","rs7966054","C","T",0.565993,"Educational attainment (college completion) || id:ebi-a-GCST90029012",TRUE,"reported","igd"
"167","12",123731423,-0.00833233,0.00107177,9.20026e-15,470941,"ebi-a-GCST90029012","rs11532322","G","A",0.75272,"Educational attainment (college completion) || id:ebi-a-GCST90029012",TRUE,"reported","igd"
"168","12",15507223,-0.00555925,0.000987917,8.9e-09,470941,"ebi-a-GCST90029012","rs11831208","A","G",0.319362,"Educational attainment (college completion) || id:ebi-a-GCST90029012",TRUE,"reported","igd"
"169","13",58335375,0.00994863,0.00104891,4.10015e-21,470941,"ebi-a-GCST90029012","rs1334297","A","G",0.735404,"Educational attainment (college completion) || id:ebi-a-GCST90029012",TRUE,"reported","igd"
"170","13",101055584,-0.00650964,0.00100932,1.79999e-10,470941,"ebi-a-GCST90029012","rs9557427","T","C",0.308319,"Educational attainment (college completion) || id:ebi-a-GCST90029012",TRUE,"reported","igd"
"171","13",81471113,-0.00630964,0.000926231,7.59976e-12,470941,"ebi-a-GCST90029012","rs2478208","C","G",0.515741,"Educational attainment (college completion) || id:ebi-a-GCST90029012",TRUE,"reported","igd"
"172","13",58109428,0.00578565,0.000979152,3.2e-09,470941,"ebi-a-GCST90029012","rs12322997","T","C",0.377595,"Educational attainment (college completion) || id:ebi-a-GCST90029012",TRUE,"reported","igd"
"173","14",77471693,0.00559866,0.0009482,1.09999e-08,470941,"ebi-a-GCST90029012","rs10431632","A","G",0.548698,"Educational attainment (college completion) || id:ebi-a-GCST90029012",TRUE,"reported","igd"
"174","14",27174741,-0.0069037,0.00103918,3.90032e-11,470941,"ebi-a-GCST90029012","rs4981625","A","G",0.728312,"Educational attainment (college completion) || id:ebi-a-GCST90029012",TRUE,"reported","igd"
"175","14",94287860,-0.00545882,0.000926786,6.19998e-09,470941,"ebi-a-GCST90029012","rs736282","C","T",0.521054,"Educational attainment (college completion) || id:ebi-a-GCST90029012",TRUE,"reported","igd"
"176","14",103990745,-0.00612172,0.00096191,1.7e-10,470941,"ebi-a-GCST90029012","rs2765042","A","G",0.366543,"Educational attainment (college completion) || id:ebi-a-GCST90029012",TRUE,"reported","igd"
"177","14",29834740,-0.0114576,0.00155233,3.10027e-13,470941,"ebi-a-GCST90029012","rs72673546","T","C",0.098099,"Educational attainment (college completion) || id:ebi-a-GCST90029012",TRUE,"reported","igd"
"178","14",69747046,-0.0062643,0.000926298,1.10002e-11,470941,"ebi-a-GCST90029012","rs11158800","A","G",0.50128,"Educational attainment (college completion) || id:ebi-a-GCST90029012",TRUE,"reported","igd"
"179","14",89847593,0.00507562,0.000925677,4.20001e-08,470941,"ebi-a-GCST90029012","rs10484022","A","G",0.487215,"Educational attainment (college completion) || id:ebi-a-GCST90029012",TRUE,"reported","igd"
"180","15",27234268,-0.00578735,0.000967798,2.69998e-09,470941,"ebi-a-GCST90029012","rs11635966","T","C",0.360919,"Educational attainment (college completion) || id:ebi-a-GCST90029012",TRUE,"reported","igd"
"181","15",34659517,0.00769191,0.00101274,3.50026e-14,470941,"ebi-a-GCST90029012","rs117799466","C","G",0.337335,"Educational attainment (college completion) || id:ebi-a-GCST90029012",TRUE,"reported","igd"
"182","15",47515395,-0.00619336,0.000951117,1.09999e-10,470941,"ebi-a-GCST90029012","rs2860049","T","G",0.390461,"Educational attainment (college completion) || id:ebi-a-GCST90029012",TRUE,"reported","igd"
"183","16",28649651,-0.00728934,0.000941348,1.59993e-14,470941,"ebi-a-GCST90029012","rs35626515","A","C",0.405785,"Educational attainment (college completion) || id:ebi-a-GCST90029012",TRUE,"reported","igd"
"184","16",63523020,0.00607007,0.000959668,1.7e-10,470941,"ebi-a-GCST90029012","rs1423920","G","A",0.631024,"Educational attainment (college completion) || id:ebi-a-GCST90029012",TRUE,"reported","igd"
"185","16",73784416,0.00526414,0.000942111,2.19999e-08,470941,"ebi-a-GCST90029012","rs4887925","C","G",0.412806,"Educational attainment (college completion) || id:ebi-a-GCST90029012",TRUE,"reported","igd"
"186","16",12218622,-0.00611385,0.00101355,1.09999e-09,470941,"ebi-a-GCST90029012","rs350201","G","A",0.297693,"Educational attainment (college completion) || id:ebi-a-GCST90029012",TRUE,"reported","igd"
"187","16",87443734,0.00610608,0.000938276,1.2e-10,470941,"ebi-a-GCST90029012","rs1050847","T","C",0.575146,"Educational attainment (college completion) || id:ebi-a-GCST90029012",TRUE,"reported","igd"
"188","16",1252259,-0.0070231,0.000927215,5.00035e-14,470941,"ebi-a-GCST90029012","rs9934839","G","A",0.523403,"Educational attainment (college completion) || id:ebi-a-GCST90029012",TRUE,"reported","igd"
"189","16",24703630,-0.00660211,0.0010753,5.1e-10,470941,"ebi-a-GCST90029012","rs12448821","G","A",0.754385,"Educational attainment (college completion) || id:ebi-a-GCST90029012",TRUE,"reported","igd"
"190","16",89649675,-0.00728324,0.00115269,2.30001e-10,470941,"ebi-a-GCST90029012","rs455868","A","G",0.800028,"Educational attainment (college completion) || id:ebi-a-GCST90029012",TRUE,"reported","igd"
"191","16",53503943,0.00724489,0.00100058,3.10027e-13,470941,"ebi-a-GCST90029012","rs11540358","G","C",0.306431,"Educational attainment (college completion) || id:ebi-a-GCST90029012",TRUE,"reported","igd"
"192","16",83608565,0.00606131,0.000945509,1.7e-10,470941,"ebi-a-GCST90029012","rs57985238","G","C",0.399142,"Educational attainment (college completion) || id:ebi-a-GCST90029012",TRUE,"reported","igd"
"193","17",31609815,-0.00512547,0.0009282,3.89996e-08,470941,"ebi-a-GCST90029012","rs9891803","T","C",0.488657,"Educational attainment (college completion) || id:ebi-a-GCST90029012",TRUE,"reported","igd"
"194","17",42920929,-0.00604194,0.00110421,2.30001e-08,470941,"ebi-a-GCST90029012","rs11871429","G","A",0.226378,"Educational attainment (college completion) || id:ebi-a-GCST90029012",TRUE,"reported","igd"
"195","17",44018488,-0.0103382,0.00111969,1.69981e-20,470941,"ebi-a-GCST90029012","rs62061734","C","T",0.222716,"Educational attainment (college completion) || id:ebi-a-GCST90029012",TRUE,"reported","igd"
"196","17",79382416,-0.00674602,0.00104481,7.50067e-11,470941,"ebi-a-GCST90029012","rs34224566","T","C",0.266152,"Educational attainment (college completion) || id:ebi-a-GCST90029012",TRUE,"reported","igd"
"197","17",19185211,-0.00963405,0.00143816,2.09991e-11,470941,"ebi-a-GCST90029012","rs868698","T","G",0.11684,"Educational attainment (college completion) || id:ebi-a-GCST90029012",TRUE,"reported","igd"
"198","18",37416318,-0.0063705,0.00111013,7.90005e-09,470941,"ebi-a-GCST90029012","rs7233920","A","G",0.226885,"Educational attainment (college completion) || id:ebi-a-GCST90029012",TRUE,"reported","igd"
"199","18",21074255,-0.00678699,0.000953091,1.50003e-12,470941,"ebi-a-GCST90029012","rs303752","A","G",0.408603,"Educational attainment (college completion) || id:ebi-a-GCST90029012",TRUE,"reported","igd"
"200","18",35159124,0.0106238,0.000993376,8.10028e-27,470941,"ebi-a-GCST90029012","rs9964724","T","C",0.681923,"Educational attainment (college completion) || id:ebi-a-GCST90029012",TRUE,"reported","igd"
"201","18",50908403,-0.00632379,0.000932215,1.10002e-11,470941,"ebi-a-GCST90029012","rs17504871","A","G",0.553946,"Educational attainment (college completion) || id:ebi-a-GCST90029012",TRUE,"reported","igd"
"202","18",77578191,-0.00596254,0.00103621,8.40001e-09,470941,"ebi-a-GCST90029012","rs11663602","A","C",0.276637,"Educational attainment (college completion) || id:ebi-a-GCST90029012",TRUE,"reported","igd"
"203","19",18326222,-0.00632618,0.00101776,2.30001e-10,470941,"ebi-a-GCST90029012","rs4808762","C","T",0.290869,"Educational attainment (college completion) || id:ebi-a-GCST90029012",TRUE,"reported","igd"
"204","19",21316269,0.0213716,0.00389344,2.5e-08,470941,"ebi-a-GCST90029012","rs60811752","T","C",0.014491,"Educational attainment (college completion) || id:ebi-a-GCST90029012",TRUE,"reported","igd"
"205","19",36231646,0.00566004,0.000932666,1.5e-09,470941,"ebi-a-GCST90029012","rs2242523","T","C",0.457013,"Educational attainment (college completion) || id:ebi-a-GCST90029012",TRUE,"reported","igd"
"206","19",32200518,0.00764407,0.00121672,2.59998e-10,470941,"ebi-a-GCST90029012","rs11669334","T","G",0.180257,"Educational attainment (college completion) || id:ebi-a-GCST90029012",TRUE,"reported","igd"
"207","19",54945929,-0.0150036,0.00262767,6.49995e-09,470941,"ebi-a-GCST90029012","rs79918827","A","G",0.03201,"Educational attainment (college completion) || id:ebi-a-GCST90029012",TRUE,"reported","igd"
"208","19",45814908,-0.0064363,0.000927194,1.99986e-12,470941,"ebi-a-GCST90029012","rs7260359","T","C",0.482164,"Educational attainment (college completion) || id:ebi-a-GCST90029012",TRUE,"reported","igd"
"209","20",59838099,0.00758377,0.00095699,5.00035e-15,470941,"ebi-a-GCST90029012","rs6028083","C","T",0.614598,"Educational attainment (college completion) || id:ebi-a-GCST90029012",TRUE,"reported","igd"
"210","20",22317310,-0.00528533,0.000947381,1.6e-08,470941,"ebi-a-GCST90029012","rs175325","A","T",0.602595,"Educational attainment (college completion) || id:ebi-a-GCST90029012",TRUE,"reported","igd"
"211","20",43598154,-0.00673428,0.00102445,3.19963e-11,470941,"ebi-a-GCST90029012","rs67651814","C","G",0.289685,"Educational attainment (college completion) || id:ebi-a-GCST90029012",TRUE,"reported","igd"
"212","20",14813002,-0.0072694,0.00114198,2.30001e-10,470941,"ebi-a-GCST90029012","rs6042943","A","C",0.208401,"Educational attainment (college completion) || id:ebi-a-GCST90029012",TRUE,"reported","igd"
"213","20",62308430,0.00699836,0.00120974,1.09999e-08,470941,"ebi-a-GCST90029012","rs34538116","T","C",0.186493,"Educational attainment (college completion) || id:ebi-a-GCST90029012",TRUE,"reported","igd"
"214","22",38817047,0.0115348,0.00153107,3.80014e-14,470941,"ebi-a-GCST90029012","rs11703948","G","A",0.101521,"Educational attainment (college completion) || id:ebi-a-GCST90029012",TRUE,"reported","igd"
"215","22",43156705,-0.00560786,0.000932977,1.6e-09,470941,"ebi-a-GCST90029012","rs6002948","A","C",0.477454,"Educational attainment (college completion) || id:ebi-a-GCST90029012",TRUE,"reported","igd"
"216","22",30200936,-0.0055477,0.000928773,3.2e-09,470941,"ebi-a-GCST90029012","rs36572","C","T",0.540689,"Educational attainment (college completion) || id:ebi-a-GCST90029012",TRUE,"reported","igd"
