"","SNP","chr","pos","beta.outcome","se.outcome","samplesize.outcome","pval.outcome","eaf.outcome","effect_allele.outcome","other_allele.outcome","outcome","id.outcome","originalname.outcome","outcome.deprecated","mr_keep.outcome","data_source.outcome"
"1","rs1575676","6","108861264",6.40686e-05,0.000314799,462933,0.84,0.368906,"T","C","Cancer code, self-reported: breast cancer || id:ukb-b-16890","ukb-b-16890","Cancer code, self-reported: breast cancer","Cancer code, self-reported: breast cancer ||  || ",TRUE,"igd"
"2","rs4705755","5","112379434",0.000429718,0.000304334,462933,0.16,0.506313,"A","T","Cancer code, self-reported: breast cancer || id:ukb-b-16890","ukb-b-16890","Cancer code, self-reported: breast cancer","Cancer code, self-reported: breast cancer ||  || ",TRUE,"igd"
"3","rs75775827","6","88197928",0.000300799,0.000521983,462933,0.56,0.093771,"A","G","Cancer code, self-reported: breast cancer || id:ukb-b-16890","ukb-b-16890","Cancer code, self-reported: breast cancer","Cancer code, self-reported: breast cancer ||  || ",TRUE,"igd"
"4","rs9879265","3","161355163",0.000135007,0.000312047,462933,0.67,0.385962,"C","T","Cancer code, self-reported: breast cancer || id:ukb-b-16890","ukb-b-16890","Cancer code, self-reported: breast cancer","Cancer code, self-reported: breast cancer ||  || ",TRUE,"igd"
"5","rs12322997","13","58109428",0.000255232,0.000322041,462933,0.43,0.377439,"T","C","Cancer code, self-reported: breast cancer || id:ukb-b-16890","ukb-b-16890","Cancer code, self-reported: breast cancer","Cancer code, self-reported: breast cancer ||  || ",TRUE,"igd"
"6","rs350201","16","12218622",0.000448584,0.000333373,462933,0.18,0.298029,"G","A","Cancer code, self-reported: breast cancer || id:ukb-b-16890","ukb-b-16890","Cancer code, self-reported: breast cancer","Cancer code, self-reported: breast cancer ||  || ",TRUE,"igd"
"7","rs4757957","11","12881398",-9.5901e-05,0.000326509,462933,0.77,0.680001,"C","G","Cancer code, self-reported: breast cancer || id:ukb-b-16890","ukb-b-16890","Cancer code, self-reported: breast cancer","Cancer code, self-reported: breast cancer ||  || ",TRUE,"igd"
"8","rs4930351","11","66066664",-0.000432147,0.00030994,462933,0.16,0.498399,"G","A","Cancer code, self-reported: breast cancer || id:ukb-b-16890","ukb-b-16890","Cancer code, self-reported: breast cancer","Cancer code, self-reported: breast cancer ||  || ",TRUE,"igd"
"9","rs66890092","8","20881342",-0.000280637,0.000306143,462933,0.36,0.561107,"T","C","Cancer code, self-reported: breast cancer || id:ukb-b-16890","ukb-b-16890","Cancer code, self-reported: breast cancer","Cancer code, self-reported: breast cancer ||  || ",TRUE,"igd"
"10","rs12218315","10","65836969",0.00082263,0.000426312,462933,0.0539995,0.151157,"A","G","Cancer code, self-reported: breast cancer || id:ukb-b-16890","ukb-b-16890","Cancer code, self-reported: breast cancer","Cancer code, self-reported: breast cancer ||  || ",TRUE,"igd"
"11","rs1940711","11","112849972",-0.000199675,0.000349653,462933,0.57,0.252886,"C","A","Cancer code, self-reported: breast cancer || id:ukb-b-16890","ukb-b-16890","Cancer code, self-reported: breast cancer","Cancer code, self-reported: breast cancer ||  || ",TRUE,"igd"
"12","rs4567409","11","25071432",0.000231958,0.000303988,462933,0.450001,0.497616,"G","A","Cancer code, self-reported: breast cancer || id:ukb-b-16890","ukb-b-16890","Cancer code, self-reported: breast cancer","Cancer code, self-reported: breast cancer ||  || ",TRUE,"igd"
"13","rs11572842","1","216676259",-0.000347211,0.000324467,462933,0.28,0.339366,"C","T","Cancer code, self-reported: breast cancer || id:ukb-b-16890","ukb-b-16890","Cancer code, self-reported: breast cancer","Cancer code, self-reported: breast cancer ||  || ",TRUE,"igd"
"14","rs62184480","2","212654200",0.000175603,0.00033823,462933,0.6,0.28366,"T","C","Cancer code, self-reported: breast cancer || id:ukb-b-16890","ukb-b-16890","Cancer code, self-reported: breast cancer","Cancer code, self-reported: breast cancer ||  || ",TRUE,"igd"
"15","rs2455775","2","68062792",0.00124879,0.000456666,462933,0.00619998,0.128866,"C","T","Cancer code, self-reported: breast cancer || id:ukb-b-16890","ukb-b-16890","Cancer code, self-reported: breast cancer","Cancer code, self-reported: breast cancer ||  || ",TRUE,"igd"
"16","rs17425572","9","88006338",-0.000111624,0.000305006,462933,0.709999,0.527504,"G","A","Cancer code, self-reported: breast cancer || id:ukb-b-16890","ukb-b-16890","Cancer code, self-reported: breast cancer","Cancer code, self-reported: breast cancer ||  || ",TRUE,"igd"
"17","rs10752262","10","12395100",0.000137541,0.000307477,462933,0.649999,0.428614,"T","C","Cancer code, self-reported: breast cancer || id:ukb-b-16890","ukb-b-16890","Cancer code, self-reported: breast cancer","Cancer code, self-reported: breast cancer ||  || ",TRUE,"igd"
"18","rs3908618","9","82446774",0.000421061,0.000366791,462933,0.25,0.776664,"T","C","Cancer code, self-reported: breast cancer || id:ukb-b-16890","ukb-b-16890","Cancer code, self-reported: breast cancer","Cancer code, self-reported: breast cancer ||  || ",TRUE,"igd"
"19","rs34373811","9","1784713",-0.000275045,0.000356914,462933,0.44,0.238271,"G","T","Cancer code, self-reported: breast cancer || id:ukb-b-16890","ukb-b-16890","Cancer code, self-reported: breast cancer","Cancer code, self-reported: breast cancer ||  || ",TRUE,"igd"
"20","rs11703948","22","38817047",0.000533926,0.000503255,462933,0.29,0.101245,"G","A","Cancer code, self-reported: breast cancer || id:ukb-b-16890","ukb-b-16890","Cancer code, self-reported: breast cancer","Cancer code, self-reported: breast cancer ||  || ",TRUE,"igd"
"21","rs34281671","4","159912239",0.000363788,0.000317145,462933,0.25,0.355856,"G","A","Cancer code, self-reported: breast cancer || id:ukb-b-16890","ukb-b-16890","Cancer code, self-reported: breast cancer","Cancer code, self-reported: breast cancer ||  || ",TRUE,"igd"
"22","rs9284954","4","176648332",-0.000241123,0.000307542,462933,0.43,0.544089,"A","C","Cancer code, self-reported: breast cancer || id:ukb-b-16890","ukb-b-16890","Cancer code, self-reported: breast cancer","Cancer code, self-reported: breast cancer ||  || ",TRUE,"igd"
"23","rs57352738","7","133304694",-0.000340434,0.000375214,462933,0.36,0.208093,"A","T","Cancer code, self-reported: breast cancer || id:ukb-b-16890","ukb-b-16890","Cancer code, self-reported: breast cancer","Cancer code, self-reported: breast cancer ||  || ",TRUE,"igd"
"24","rs2727565","7","151321161",0.000684884,0.000347978,462933,0.0490004,0.257657,"A","C","Cancer code, self-reported: breast cancer || id:ukb-b-16890","ukb-b-16890","Cancer code, self-reported: breast cancer","Cancer code, self-reported: breast cancer ||  || ",TRUE,"igd"
"25","rs10045552","5","106924597",5.56999e-05,0.000321344,462933,0.86,0.341492,"T","C","Cancer code, self-reported: breast cancer || id:ukb-b-16890","ukb-b-16890","Cancer code, self-reported: breast cancer","Cancer code, self-reported: breast cancer ||  || ",TRUE,"igd"
"26","rs10484022","14","89847593",-0.000115037,0.000304461,462933,0.709999,0.486825,"A","G","Cancer code, self-reported: breast cancer || id:ukb-b-16890","ukb-b-16890","Cancer code, self-reported: breast cancer","Cancer code, self-reported: breast cancer ||  || ",TRUE,"igd"
"27","rs2765042","14","103990745",0.000127628,0.000316367,462933,0.69,0.366594,"A","G","Cancer code, self-reported: breast cancer || id:ukb-b-16890","ukb-b-16890","Cancer code, self-reported: breast cancer","Cancer code, self-reported: breast cancer ||  || ",TRUE,"igd"
"28","rs2786847","10","103823135",-0.0003382,0.000308809,462933,0.27,0.579474,"G","A","Cancer code, self-reported: breast cancer || id:ukb-b-16890","ukb-b-16890","Cancer code, self-reported: breast cancer","Cancer code, self-reported: breast cancer ||  || ",TRUE,"igd"
"29","rs7966054","12","14551025",-0.000567192,0.000306187,462933,0.064,0.565932,"C","T","Cancer code, self-reported: breast cancer || id:ukb-b-16890","ukb-b-16890","Cancer code, self-reported: breast cancer","Cancer code, self-reported: breast cancer ||  || ",TRUE,"igd"
"30","rs10940919","5","30802867",4.57485e-05,0.000309453,462933,0.88,0.588224,"A","G","Cancer code, self-reported: breast cancer || id:ukb-b-16890","ukb-b-16890","Cancer code, self-reported: breast cancer","Cancer code, self-reported: breast cancer ||  || ",TRUE,"igd"
"31","rs1812587","5","62991802",0.000543857,0.000305989,462933,0.0759994,0.456677,"T","G","Cancer code, self-reported: breast cancer || id:ukb-b-16890","ukb-b-16890","Cancer code, self-reported: breast cancer","Cancer code, self-reported: breast cancer ||  || ",TRUE,"igd"
"32","rs7233920","18","37416318",-0.00019285,0.000365122,462933,0.6,0.226909,"A","G","Cancer code, self-reported: breast cancer || id:ukb-b-16890","ukb-b-16890","Cancer code, self-reported: breast cancer","Cancer code, self-reported: breast cancer ||  || ",TRUE,"igd"
"33","rs11871429","17","42920929",0.000441793,0.000363106,462933,0.22,0.226598,"G","A","Cancer code, self-reported: breast cancer || id:ukb-b-16890","ukb-b-16890","Cancer code, self-reported: breast cancer","Cancer code, self-reported: breast cancer ||  || ",TRUE,"igd"
"34","rs1050847","16","87443734",0.00012614,0.000308002,462933,0.68,0.574086,"T","C","Cancer code, self-reported: breast cancer || id:ukb-b-16890","ukb-b-16890","Cancer code, self-reported: breast cancer","Cancer code, self-reported: breast cancer ||  || ",TRUE,"igd"
"35","rs1961268","2","34249225",0.000199831,0.000310707,462933,0.52,0.40116,"C","G","Cancer code, self-reported: breast cancer || id:ukb-b-16890","ukb-b-16890","Cancer code, self-reported: breast cancer","Cancer code, self-reported: breast cancer ||  || ",TRUE,"igd"
"36","rs74762347","6","114627683",-0.00049075,0.000353607,462933,0.17,0.245593,"C","T","Cancer code, self-reported: breast cancer || id:ukb-b-16890","ukb-b-16890","Cancer code, self-reported: breast cancer","Cancer code, self-reported: breast cancer ||  || ",TRUE,"igd"
"37","rs7742212","6","128328833",0.000361458,0.0003093,462933,0.24,0.562453,"A","G","Cancer code, self-reported: breast cancer || id:ukb-b-16890","ukb-b-16890","Cancer code, self-reported: breast cancer","Cancer code, self-reported: breast cancer ||  || ",TRUE,"igd"
"38","rs6696068","1","53740797",5.2364e-05,0.000312612,462933,0.87,0.383488,"T","G","Cancer code, self-reported: breast cancer || id:ukb-b-16890","ukb-b-16890","Cancer code, self-reported: breast cancer","Cancer code, self-reported: breast cancer ||  || ",TRUE,"igd"
"39","rs10239094","7","115053728",-0.000250937,0.000306028,462933,0.41,0.549242,"T","G","Cancer code, self-reported: breast cancer || id:ukb-b-16890","ukb-b-16890","Cancer code, self-reported: breast cancer","Cancer code, self-reported: breast cancer ||  || ",TRUE,"igd"
"40","rs4731366","7","127170015",-0.000417535,0.000346972,462933,0.23,0.740425,"T","C","Cancer code, self-reported: breast cancer || id:ukb-b-16890","ukb-b-16890","Cancer code, self-reported: breast cancer","Cancer code, self-reported: breast cancer ||  || ",TRUE,"igd"
"41","rs56370807","8","105016502",0.000241413,0.000360513,462933,0.5,0.232274,"A","G","Cancer code, self-reported: breast cancer || id:ukb-b-16890","ukb-b-16890","Cancer code, self-reported: breast cancer","Cancer code, self-reported: breast cancer ||  || ",TRUE,"igd"
"42","rs11775333","8","142637867",-0.000309698,0.000312875,462933,0.32,0.385468,"C","T","Cancer code, self-reported: breast cancer || id:ukb-b-16890","ukb-b-16890","Cancer code, self-reported: breast cancer","Cancer code, self-reported: breast cancer ||  || ",TRUE,"igd"
"43","rs3021146","4","2958186",0.000519708,0.000324134,462933,0.11,0.326099,"G","A","Cancer code, self-reported: breast cancer || id:ukb-b-16890","ukb-b-16890","Cancer code, self-reported: breast cancer","Cancer code, self-reported: breast cancer ||  || ",TRUE,"igd"
"44","rs2718794","3","180938097",0.000460854,0.000462593,462933,0.32,0.877342,"C","T","Cancer code, self-reported: breast cancer || id:ukb-b-16890","ukb-b-16890","Cancer code, self-reported: breast cancer","Cancer code, self-reported: breast cancer ||  || ",TRUE,"igd"
"45","rs2252383","2","145803003",0.000376096,0.000318929,462933,0.24,0.654512,"G","A","Cancer code, self-reported: breast cancer || id:ukb-b-16890","ukb-b-16890","Cancer code, self-reported: breast cancer","Cancer code, self-reported: breast cancer ||  || ",TRUE,"igd"
"46","rs6436555","2","157488277",-0.00048599,0.00030501,462933,0.11,0.509614,"C","A","Cancer code, self-reported: breast cancer || id:ukb-b-16890","ukb-b-16890","Cancer code, self-reported: breast cancer","Cancer code, self-reported: breast cancer ||  || ",TRUE,"igd"
"47","rs28591249","2","228994006",0.000107249,0.000303773,462933,0.719999,0.482076,"G","A","Cancer code, self-reported: breast cancer || id:ukb-b-16890","ukb-b-16890","Cancer code, self-reported: breast cancer","Cancer code, self-reported: breast cancer ||  || ",TRUE,"igd"
"48","rs2341336","3","196220799",0.000746439,0.000418643,462933,0.0749998,0.838562,"T","C","Cancer code, self-reported: breast cancer || id:ukb-b-16890","ukb-b-16890","Cancer code, self-reported: breast cancer","Cancer code, self-reported: breast cancer ||  || ",TRUE,"igd"
"49","rs6706275","2","240265617",-0.000652329,0.000322935,462933,0.0430002,0.330589,"T","C","Cancer code, self-reported: breast cancer || id:ukb-b-16890","ukb-b-16890","Cancer code, self-reported: breast cancer","Cancer code, self-reported: breast cancer ||  || ",TRUE,"igd"
"50","rs2478208","13","81471113",-0.00018498,0.000304721,462933,0.54,0.515822,"C","G","Cancer code, self-reported: breast cancer || id:ukb-b-16890","ukb-b-16890","Cancer code, self-reported: breast cancer","Cancer code, self-reported: breast cancer ||  || ",TRUE,"igd"
"51","rs11249939","8","9556500",-8.47074e-06,0.000312407,462933,0.98,0.614498,"A","G","Cancer code, self-reported: breast cancer || id:ukb-b-16890","ukb-b-16890","Cancer code, self-reported: breast cancer","Cancer code, self-reported: breast cancer ||  || ",TRUE,"igd"
"52","rs4246167","9","134933730",-0.000301472,0.000321853,462933,0.35,0.662277,"T","C","Cancer code, self-reported: breast cancer || id:ukb-b-16890","ukb-b-16890","Cancer code, self-reported: breast cancer","Cancer code, self-reported: breast cancer ||  || ",TRUE,"igd"
"53","rs12681504","8","95404583",0.000338116,0.000334498,462933,0.31,0.290453,"A","G","Cancer code, self-reported: breast cancer || id:ukb-b-16890","ukb-b-16890","Cancer code, self-reported: breast cancer","Cancer code, self-reported: breast cancer ||  || ",TRUE,"igd"
"54","rs56099375","8","77372988",0.000345364,0.000356293,462933,0.33,0.241615,"T","C","Cancer code, self-reported: breast cancer || id:ukb-b-16890","ukb-b-16890","Cancer code, self-reported: breast cancer","Cancer code, self-reported: breast cancer ||  || ",TRUE,"igd"
"55","rs62477728","7","75132471",0.000198163,0.000306748,462933,0.52,0.563953,"C","G","Cancer code, self-reported: breast cancer || id:ukb-b-16890","ukb-b-16890","Cancer code, self-reported: breast cancer","Cancer code, self-reported: breast cancer ||  || ",TRUE,"igd"
"56","rs12554151","9","14145257",8.59839e-05,0.000408009,462933,0.83,0.167947,"G","A","Cancer code, self-reported: breast cancer || id:ukb-b-16890","ukb-b-16890","Cancer code, self-reported: breast cancer","Cancer code, self-reported: breast cancer ||  || ",TRUE,"igd"
"57","rs367117","8","130917407",0.000202418,0.000304605,462933,0.51,0.467607,"G","T","Cancer code, self-reported: breast cancer || id:ukb-b-16890","ukb-b-16890","Cancer code, self-reported: breast cancer","Cancer code, self-reported: breast cancer ||  || ",TRUE,"igd"
"58","rs1888187","10","11140234",0.000240396,0.000322799,462933,0.46,0.33751,"T","C","Cancer code, self-reported: breast cancer || id:ukb-b-16890","ukb-b-16890","Cancer code, self-reported: breast cancer","Cancer code, self-reported: breast cancer ||  || ",TRUE,"igd"
"59","rs7032484","9","124617919",0.000286191,0.000305391,462933,0.35,0.554823,"A","G","Cancer code, self-reported: breast cancer || id:ukb-b-16890","ukb-b-16890","Cancer code, self-reported: breast cancer","Cancer code, self-reported: breast cancer ||  || ",TRUE,"igd"
"60","rs702606","5","53167117",0.000506511,0.000445118,462933,0.26,0.135671,"C","T","Cancer code, self-reported: breast cancer || id:ukb-b-16890","ukb-b-16890","Cancer code, self-reported: breast cancer","Cancer code, self-reported: breast cancer ||  || ",TRUE,"igd"
"61","rs4700393","5","60098267",-0.00022816,0.0003044,462933,0.450001,0.519294,"G","A","Cancer code, self-reported: breast cancer || id:ukb-b-16890","ukb-b-16890","Cancer code, self-reported: breast cancer","Cancer code, self-reported: breast cancer ||  || ",TRUE,"igd"
"62","rs790643","10","106780515",0.000629989,0.000386421,462933,0.1,0.191649,"T","C","Cancer code, self-reported: breast cancer || id:ukb-b-16890","ukb-b-16890","Cancer code, self-reported: breast cancer","Cancer code, self-reported: breast cancer ||  || ",TRUE,"igd"
"63","rs11245344","10","126418782",0.000150483,0.000307546,462933,0.62,0.571069,"T","C","Cancer code, self-reported: breast cancer || id:ukb-b-16890","ukb-b-16890","Cancer code, self-reported: breast cancer","Cancer code, self-reported: breast cancer ||  || ",TRUE,"igd"
"64","rs72673546","14","29834740",-0.000210661,0.000510791,462933,0.68,0.098049,"T","C","Cancer code, self-reported: breast cancer || id:ukb-b-16890","ukb-b-16890","Cancer code, self-reported: breast cancer","Cancer code, self-reported: breast cancer ||  || ",TRUE,"igd"
"65","rs3812257","7","44808416",-8.35695e-05,0.000308541,462933,0.79,0.419023,"G","A","Cancer code, self-reported: breast cancer || id:ukb-b-16890","ukb-b-16890","Cancer code, self-reported: breast cancer","Cancer code, self-reported: breast cancer ||  || ",TRUE,"igd"
"66","rs11155821","6","152215722",0.00112163,0.000315903,462933,0.000379997,0.634587,"C","T","Cancer code, self-reported: breast cancer || id:ukb-b-16890","ukb-b-16890","Cancer code, self-reported: breast cancer","Cancer code, self-reported: breast cancer ||  || ",TRUE,"igd"
"67","rs7526730","1","111065753",-2.42227e-06,0.000431844,462933,1,0.140247,"T","C","Cancer code, self-reported: breast cancer || id:ukb-b-16890","ukb-b-16890","Cancer code, self-reported: breast cancer","Cancer code, self-reported: breast cancer ||  || ",TRUE,"igd"
"68","rs1620977","1","72729142",0.000448631,0.00034282,462933,0.19,0.730725,"G","A","Cancer code, self-reported: breast cancer || id:ukb-b-16890","ukb-b-16890","Cancer code, self-reported: breast cancer","Cancer code, self-reported: breast cancer ||  || ",TRUE,"igd"
"69","rs112139144","6","157106114",8.62632e-05,0.000374119,462933,0.82,0.208774,"A","G","Cancer code, self-reported: breast cancer || id:ukb-b-16890","ukb-b-16890","Cancer code, self-reported: breast cancer","Cancer code, self-reported: breast cancer ||  || ",TRUE,"igd"
"70","rs114468556","5","92870246",0.000839797,0.000733027,462933,0.25,0.046422,"A","T","Cancer code, self-reported: breast cancer || id:ukb-b-16890","ukb-b-16890","Cancer code, self-reported: breast cancer","Cancer code, self-reported: breast cancer ||  || ",TRUE,"igd"
"71","rs6861021","5","124308767",9.99626e-07,0.000353402,462933,1,0.253304,"C","T","Cancer code, self-reported: breast cancer || id:ukb-b-16890","ukb-b-16890","Cancer code, self-reported: breast cancer","Cancer code, self-reported: breast cancer ||  || ",TRUE,"igd"
"72","rs1469921","4","147874875",1.5207e-07,0.000312455,462933,1,0.38283,"C","T","Cancer code, self-reported: breast cancer || id:ukb-b-16890","ukb-b-16890","Cancer code, self-reported: breast cancer","Cancer code, self-reported: breast cancer ||  || ",TRUE,"igd"
"73","rs360947","4","152868527",0.000120528,0.000307682,462933,0.7,0.562003,"A","G","Cancer code, self-reported: breast cancer || id:ukb-b-16890","ukb-b-16890","Cancer code, self-reported: breast cancer","Cancer code, self-reported: breast cancer ||  || ",TRUE,"igd"
"74","rs1407495","6","19049497",2.11181e-05,0.000387722,462933,0.96,0.194344,"A","G","Cancer code, self-reported: breast cancer || id:ukb-b-16890","ukb-b-16890","Cancer code, self-reported: breast cancer","Cancer code, self-reported: breast cancer ||  || ",TRUE,"igd"
"75","rs6437189","2","159411506",0.000114476,0.000498443,462933,0.82,0.892888,"T","C","Cancer code, self-reported: breast cancer || id:ukb-b-16890","ukb-b-16890","Cancer code, self-reported: breast cancer","Cancer code, self-reported: breast cancer ||  || ",TRUE,"igd"
"76","rs35623690","3","85691295",0.000391662,0.00031826,462933,0.22,0.352757,"C","G","Cancer code, self-reported: breast cancer || id:ukb-b-16890","ukb-b-16890","Cancer code, self-reported: breast cancer","Cancer code, self-reported: breast cancer ||  || ",TRUE,"igd"
"77","rs11540358","16","53503943",0.000451193,0.000329192,462933,0.17,0.306612,"G","C","Cancer code, self-reported: breast cancer || id:ukb-b-16890","ukb-b-16890","Cancer code, self-reported: breast cancer","Cancer code, self-reported: breast cancer ||  || ",TRUE,"igd"
"78","rs35626515","16","28649651",-0.000382094,0.000309582,462933,0.22,0.405512,"A","C","Cancer code, self-reported: breast cancer || id:ukb-b-16890","ukb-b-16890","Cancer code, self-reported: breast cancer","Cancer code, self-reported: breast cancer ||  || ",TRUE,"igd"
"79","rs62061734","17","44018488",-0.00162736,0.000367722,462933,9.59997e-06,0.222582,"C","T","Cancer code, self-reported: breast cancer || id:ukb-b-16890","ukb-b-16890","Cancer code, self-reported: breast cancer","Cancer code, self-reported: breast cancer ||  || ",TRUE,"igd"
"80","rs12534506","7","92662327",-0.00032679,0.000310271,462933,0.29,0.492121,"T","A","Cancer code, self-reported: breast cancer || id:ukb-b-16890","ukb-b-16890","Cancer code, self-reported: breast cancer","Cancer code, self-reported: breast cancer ||  || ",TRUE,"igd"
"81","rs12705284","7","104497678",-2.12545e-06,0.000308911,462933,0.99,0.587625,"T","C","Cancer code, self-reported: breast cancer || id:ukb-b-16890","ukb-b-16890","Cancer code, self-reported: breast cancer","Cancer code, self-reported: breast cancer ||  || ",TRUE,"igd"
"82","rs3800925","7","2194607",0.000451391,0.000364059,462933,0.22,0.225229,"C","T","Cancer code, self-reported: breast cancer || id:ukb-b-16890","ukb-b-16890","Cancer code, self-reported: breast cancer","Cancer code, self-reported: breast cancer ||  || ",TRUE,"igd"
"83","rs4808762","19","18326222",0.00109697,0.000334357,462933,0.001,0.291018,"C","T","Cancer code, self-reported: breast cancer || id:ukb-b-16890","ukb-b-16890","Cancer code, self-reported: breast cancer","Cancer code, self-reported: breast cancer ||  || ",TRUE,"igd"
"84","rs11669334","19","32200518",-0.00038257,0.000399972,462933,0.34,0.18029,"T","G","Cancer code, self-reported: breast cancer || id:ukb-b-16890","ukb-b-16890","Cancer code, self-reported: breast cancer","Cancer code, self-reported: breast cancer ||  || ",TRUE,"igd"
"85","rs6028083","20","59838099",0.00032891,0.000314662,462933,0.3,0.614477,"C","T","Cancer code, self-reported: breast cancer || id:ukb-b-16890","ukb-b-16890","Cancer code, self-reported: breast cancer","Cancer code, self-reported: breast cancer ||  || ",TRUE,"igd"
"86","rs7526112","1","93747683",-0.000128807,0.000316194,462933,0.68,0.362159,"G","T","Cancer code, self-reported: breast cancer || id:ukb-b-16890","ukb-b-16890","Cancer code, self-reported: breast cancer","Cancer code, self-reported: breast cancer ||  || ",TRUE,"igd"
"87","rs13090388","3","49391082",-0.000395602,0.000329718,462933,0.23,0.306252,"T","C","Cancer code, self-reported: breast cancer || id:ukb-b-16890","ukb-b-16890","Cancer code, self-reported: breast cancer","Cancer code, self-reported: breast cancer ||  || ",TRUE,"igd"
"88","rs79269403","3","108036819",0.000478418,0.000362281,462933,0.19,0.231052,"A","G","Cancer code, self-reported: breast cancer || id:ukb-b-16890","ukb-b-16890","Cancer code, self-reported: breast cancer","Cancer code, self-reported: breast cancer ||  || ",TRUE,"igd"
"89","rs2885198","3","143636421",0.000151788,0.000307034,462933,0.62,0.466753,"G","A","Cancer code, self-reported: breast cancer || id:ukb-b-16890","ukb-b-16890","Cancer code, self-reported: breast cancer","Cancer code, self-reported: breast cancer ||  || ",TRUE,"igd"
"90","rs11885093","2","57941185",-0.000783678,0.00030666,462933,0.0109999,0.433177,"T","C","Cancer code, self-reported: breast cancer || id:ukb-b-16890","ukb-b-16890","Cancer code, self-reported: breast cancer","Cancer code, self-reported: breast cancer ||  || ",TRUE,"igd"
"91","rs10189857","2","60713235",8.0823e-05,0.000307145,462933,0.79,0.432016,"G","A","Cancer code, self-reported: breast cancer || id:ukb-b-16890","ukb-b-16890","Cancer code, self-reported: breast cancer","Cancer code, self-reported: breast cancer ||  || ",TRUE,"igd"
"92","rs149406097","2","23937400",-0.000408488,0.000803337,462933,0.61,0.037217,"A","G","Cancer code, self-reported: breast cancer || id:ukb-b-16890","ukb-b-16890","Cancer code, self-reported: breast cancer","Cancer code, self-reported: breast cancer ||  || ",TRUE,"igd"
"93","rs13409451","2","144257639",0.000281946,0.00031216,462933,0.37,0.390435,"G","A","Cancer code, self-reported: breast cancer || id:ukb-b-16890","ukb-b-16890","Cancer code, self-reported: breast cancer","Cancer code, self-reported: breast cancer ||  || ",TRUE,"igd"
"94","rs11678980","2","162101261",-0.000690272,0.00031502,462933,0.0280001,0.461291,"A","G","Cancer code, self-reported: breast cancer || id:ukb-b-16890","ukb-b-16890","Cancer code, self-reported: breast cancer","Cancer code, self-reported: breast cancer ||  || ",TRUE,"igd"
"95","rs10200608","2","172597929",-0.000237173,0.000338129,462933,0.48,0.281061,"A","G","Cancer code, self-reported: breast cancer || id:ukb-b-16890","ukb-b-16890","Cancer code, self-reported: breast cancer","Cancer code, self-reported: breast cancer ||  || ",TRUE,"igd"
"96","rs10205057","2","186139826",0.000507609,0.000306182,462933,0.0969996,0.559741,"T","C","Cancer code, self-reported: breast cancer || id:ukb-b-16890","ukb-b-16890","Cancer code, self-reported: breast cancer","Cancer code, self-reported: breast cancer ||  || ",TRUE,"igd"
"97","rs12991254","2","100817933",8.51213e-05,0.000310665,462933,0.780001,0.398991,"C","T","Cancer code, self-reported: breast cancer || id:ukb-b-16890","ukb-b-16890","Cancer code, self-reported: breast cancer","Cancer code, self-reported: breast cancer ||  || ",TRUE,"igd"
"98","rs1441098","2","104454345",0.000649233,0.00030599,462933,0.0340001,0.54443,"T","A","Cancer code, self-reported: breast cancer || id:ukb-b-16890","ukb-b-16890","Cancer code, self-reported: breast cancer","Cancer code, self-reported: breast cancer ||  || ",TRUE,"igd"
"99","rs1013014","2","107623697",-5.80619e-05,0.000313453,462933,0.85,0.382065,"T","G","Cancer code, self-reported: breast cancer || id:ukb-b-16890","ukb-b-16890","Cancer code, self-reported: breast cancer","Cancer code, self-reported: breast cancer ||  || ",TRUE,"igd"
"100","rs7599087","2","29039575",0.000573057,0.000372597,462933,0.12,0.215868,"C","T","Cancer code, self-reported: breast cancer || id:ukb-b-16890","ukb-b-16890","Cancer code, self-reported: breast cancer","Cancer code, self-reported: breast cancer ||  || ",TRUE,"igd"
"101","rs9436863","1","69416180",-0.000671435,0.000516379,462933,0.19,0.095808,"C","A","Cancer code, self-reported: breast cancer || id:ukb-b-16890","ukb-b-16890","Cancer code, self-reported: breast cancer","Cancer code, self-reported: breast cancer ||  || ",TRUE,"igd"
"102","rs6779035","3","18249973",-0.000722362,0.000309102,462933,0.0189998,0.590265,"C","T","Cancer code, self-reported: breast cancer || id:ukb-b-16890","ukb-b-16890","Cancer code, self-reported: breast cancer","Cancer code, self-reported: breast cancer ||  || ",TRUE,"igd"
"103","rs9891803","17","31609815",0.000101152,0.000305188,462933,0.74,0.489158,"T","C","Cancer code, self-reported: breast cancer || id:ukb-b-16890","ukb-b-16890","Cancer code, self-reported: breast cancer","Cancer code, self-reported: breast cancer ||  || ",TRUE,"igd"
"104","rs4531435","11","104483705",-0.000187374,0.000304983,462933,0.54,0.53728,"G","A","Cancer code, self-reported: breast cancer || id:ukb-b-16890","ukb-b-16890","Cancer code, self-reported: breast cancer","Cancer code, self-reported: breast cancer ||  || ",TRUE,"igd"
"105","rs11532322","12","123731423",-0.00114256,0.000352348,462933,0.0012,0.752207,"G","A","Cancer code, self-reported: breast cancer || id:ukb-b-16890","ukb-b-16890","Cancer code, self-reported: breast cancer","Cancer code, self-reported: breast cancer ||  || ",TRUE,"igd"
"106","rs806789","6","26229161",0.000238685,0.000303605,462933,0.43,0.473066,"A","C","Cancer code, self-reported: breast cancer || id:ukb-b-16890","ukb-b-16890","Cancer code, self-reported: breast cancer","Cancer code, self-reported: breast cancer ||  || ",TRUE,"igd"
"107","rs640177","5","88002084",0.00022226,0.000308849,462933,0.47,0.581383,"A","T","Cancer code, self-reported: breast cancer || id:ukb-b-16890","ukb-b-16890","Cancer code, self-reported: breast cancer","Cancer code, self-reported: breast cancer ||  || ",TRUE,"igd"
"108","rs17669337","5","92187932",0.000209952,0.00030812,462933,0.5,0.412955,"T","C","Cancer code, self-reported: breast cancer || id:ukb-b-16890","ukb-b-16890","Cancer code, self-reported: breast cancer","Cancer code, self-reported: breast cancer ||  || ",TRUE,"igd"
"109","rs6918725","6","126990392",0.00054683,0.000305065,462933,0.0729995,0.519637,"G","T","Cancer code, self-reported: breast cancer || id:ukb-b-16890","ukb-b-16890","Cancer code, self-reported: breast cancer","Cancer code, self-reported: breast cancer ||  || ",TRUE,"igd"
"110","rs72829857","6","16966052",3.49246e-06,0.000359483,462933,0.99,0.234305,"G","A","Cancer code, self-reported: breast cancer || id:ukb-b-16890","ukb-b-16890","Cancer code, self-reported: breast cancer","Cancer code, self-reported: breast cancer ||  || ",TRUE,"igd"
"111","rs4981625","14","27174741",-0.000357414,0.000341397,462933,0.3,0.727766,"A","G","Cancer code, self-reported: breast cancer || id:ukb-b-16890","ukb-b-16890","Cancer code, self-reported: breast cancer","Cancer code, self-reported: breast cancer ||  || ",TRUE,"igd"
"112","rs11158800","14","69747046",0.000242143,0.000304779,462933,0.43,0.50155,"A","G","Cancer code, self-reported: breast cancer || id:ukb-b-16890","ukb-b-16890","Cancer code, self-reported: breast cancer","Cancer code, self-reported: breast cancer ||  || ",TRUE,"igd"
"113","rs4760188","12","58461220",-4.71042e-05,0.000332923,462933,0.89,0.704182,"C","T","Cancer code, self-reported: breast cancer || id:ukb-b-16890","ukb-b-16890","Cancer code, self-reported: breast cancer","Cancer code, self-reported: breast cancer ||  || ",TRUE,"igd"
"114","rs6991838","8","66470962",-3.73327e-05,0.000307322,462933,0.9,0.565936,"A","G","Cancer code, self-reported: breast cancer || id:ukb-b-16890","ukb-b-16890","Cancer code, self-reported: breast cancer","Cancer code, self-reported: breast cancer ||  || ",TRUE,"igd"
"115","rs7920624","10","67963186",5.5489e-05,0.000305984,462933,0.86,0.5368,"T","A","Cancer code, self-reported: breast cancer || id:ukb-b-16890","ukb-b-16890","Cancer code, self-reported: breast cancer","Cancer code, self-reported: breast cancer ||  || ",TRUE,"igd"
"116","rs11011942","10","20587022",0.00011289,0.000364847,462933,0.760001,0.225612,"T","C","Cancer code, self-reported: breast cancer || id:ukb-b-16890","ukb-b-16890","Cancer code, self-reported: breast cancer","Cancer code, self-reported: breast cancer ||  || ",TRUE,"igd"
"117","rs3747631","1","204587569",8.91057e-05,0.000373223,462933,0.81,0.209266,"C","G","Cancer code, self-reported: breast cancer || id:ukb-b-16890","ukb-b-16890","Cancer code, self-reported: breast cancer","Cancer code, self-reported: breast cancer ||  || ",TRUE,"igd"
"118","rs11690224","2","4952314",-5.52599e-05,0.00038404,462933,0.89,0.195358,"T","C","Cancer code, self-reported: breast cancer || id:ukb-b-16890","ukb-b-16890","Cancer code, self-reported: breast cancer","Cancer code, self-reported: breast cancer ||  || ",TRUE,"igd"
"119","rs10911634","1","184668823",5.95508e-06,0.000310038,462933,0.98,0.398445,"G","T","Cancer code, self-reported: breast cancer || id:ukb-b-16890","ukb-b-16890","Cancer code, self-reported: breast cancer","Cancer code, self-reported: breast cancer ||  || ",TRUE,"igd"
"120","rs76577427","1","110761099",9.81699e-05,0.000495436,462933,0.84,0.106202,"G","C","Cancer code, self-reported: breast cancer || id:ukb-b-16890","ukb-b-16890","Cancer code, self-reported: breast cancer","Cancer code, self-reported: breast cancer ||  || ",TRUE,"igd"
"121","rs2299098","7","24756377",-0.000284736,0.000383755,462933,0.46,0.195966,"C","G","Cancer code, self-reported: breast cancer || id:ukb-b-16890","ukb-b-16890","Cancer code, self-reported: breast cancer","Cancer code, self-reported: breast cancer ||  || ",TRUE,"igd"
"122","rs11764590","7","2032803",-0.000464076,0.000390347,462933,0.23,0.186163,"T","C","Cancer code, self-reported: breast cancer || id:ukb-b-16890","ukb-b-16890","Cancer code, self-reported: breast cancer","Cancer code, self-reported: breast cancer ||  || ",TRUE,"igd"
"123","rs4353993","5","25461181",-6.0039e-05,0.000452776,462933,0.89,0.130504,"C","T","Cancer code, self-reported: breast cancer || id:ukb-b-16890","ukb-b-16890","Cancer code, self-reported: breast cancer","Cancer code, self-reported: breast cancer ||  || ",TRUE,"igd"
"124","rs11732657","4","172427073",-0.000267275,0.000348347,462933,0.44,0.740341,"A","G","Cancer code, self-reported: breast cancer || id:ukb-b-16890","ukb-b-16890","Cancer code, self-reported: breast cancer","Cancer code, self-reported: breast cancer ||  || ",TRUE,"igd"
"125","rs11663602","18","77578191",-0.000755387,0.000340596,462933,0.0269998,0.276758,"A","C","Cancer code, self-reported: breast cancer || id:ukb-b-16890","ukb-b-16890","Cancer code, self-reported: breast cancer","Cancer code, self-reported: breast cancer ||  || ",TRUE,"igd"
"126","rs175325","20","22317310",-0.000121266,0.000311338,462933,0.7,0.602343,"A","T","Cancer code, self-reported: breast cancer || id:ukb-b-16890","ukb-b-16890","Cancer code, self-reported: breast cancer","Cancer code, self-reported: breast cancer ||  || ",TRUE,"igd"
"127","rs17504871","18","50908403",-0.000397137,0.000306287,462933,0.19,0.553648,"A","G","Cancer code, self-reported: breast cancer || id:ukb-b-16890","ukb-b-16890","Cancer code, self-reported: breast cancer","Cancer code, self-reported: breast cancer ||  || ",TRUE,"igd"
"128","rs34224566","17","79382416",0.000389524,0.000343437,462933,0.26,0.266176,"T","C","Cancer code, self-reported: breast cancer || id:ukb-b-16890","ukb-b-16890","Cancer code, self-reported: breast cancer","Cancer code, self-reported: breast cancer ||  || ",TRUE,"igd"
"129","rs1698135","5","89399330",-0.000888301,0.000368133,462933,0.016,0.221916,"G","T","Cancer code, self-reported: breast cancer || id:ukb-b-16890","ukb-b-16890","Cancer code, self-reported: breast cancer","Cancer code, self-reported: breast cancer ||  || ",TRUE,"igd"
"130","rs660001","5","113866598",-0.000432707,0.000372765,462933,0.25,0.210907,"A","G","Cancer code, self-reported: breast cancer || id:ukb-b-16890","ukb-b-16890","Cancer code, self-reported: breast cancer","Cancer code, self-reported: breast cancer ||  || ",TRUE,"igd"
"131","rs1865407","5","136517761",0.000391154,0.000448146,462933,0.38,0.865754,"G","A","Cancer code, self-reported: breast cancer || id:ukb-b-16890","ukb-b-16890","Cancer code, self-reported: breast cancer","Cancer code, self-reported: breast cancer ||  || ",TRUE,"igd"
"132","rs4339163","4","160480533",-0.000113808,0.000303603,462933,0.709999,0.521377,"C","T","Cancer code, self-reported: breast cancer || id:ukb-b-16890","ukb-b-16890","Cancer code, self-reported: breast cancer","Cancer code, self-reported: breast cancer ||  || ",TRUE,"igd"
"133","rs2388334","6","98591622",-0.000270811,0.000304756,462933,0.37,0.482452,"G","A","Cancer code, self-reported: breast cancer || id:ukb-b-16890","ukb-b-16890","Cancer code, self-reported: breast cancer","Cancer code, self-reported: breast cancer ||  || ",TRUE,"igd"
"134","rs11780699","8","118927000",-1.78414e-05,0.000332641,462933,0.96,0.296254,"C","T","Cancer code, self-reported: breast cancer || id:ukb-b-16890","ukb-b-16890","Cancer code, self-reported: breast cancer","Cancer code, self-reported: breast cancer ||  || ",TRUE,"igd"
"135","rs7868984","9","23357826",0.000564278,0.000308499,462933,0.0669993,0.415768,"C","T","Cancer code, self-reported: breast cancer || id:ukb-b-16890","ukb-b-16890","Cancer code, self-reported: breast cancer","Cancer code, self-reported: breast cancer ||  || ",TRUE,"igd"
"136","rs7624274","3","71578737",-0.000527116,0.000307455,462933,0.0860003,0.437579,"A","T","Cancer code, self-reported: breast cancer || id:ukb-b-16890","ukb-b-16890","Cancer code, self-reported: breast cancer","Cancer code, self-reported: breast cancer ||  || ",TRUE,"igd"
"137","rs4972400","2","174171884",-0.000188467,0.000319269,462933,0.55,0.344616,"A","G","Cancer code, self-reported: breast cancer || id:ukb-b-16890","ukb-b-16890","Cancer code, self-reported: breast cancer","Cancer code, self-reported: breast cancer ||  || ",TRUE,"igd"
"138","rs7548936","1","91207757",0.000220651,0.000314433,462933,0.48,0.373189,"C","G","Cancer code, self-reported: breast cancer || id:ukb-b-16890","ukb-b-16890","Cancer code, self-reported: breast cancer","Cancer code, self-reported: breast cancer ||  || ",TRUE,"igd"
"139","rs56044892","1","41830086",0.000231793,0.000382228,462933,0.54,0.210878,"T","C","Cancer code, self-reported: breast cancer || id:ukb-b-16890","ukb-b-16890","Cancer code, self-reported: breast cancer","Cancer code, self-reported: breast cancer ||  || ",TRUE,"igd"
"140","rs72915557","2","175199092",-0.000143295,0.000644188,462933,0.82,0.059798,"A","G","Cancer code, self-reported: breast cancer || id:ukb-b-16890","ukb-b-16890","Cancer code, self-reported: breast cancer","Cancer code, self-reported: breast cancer ||  || ",TRUE,"igd"
"141","rs35811586","2","233743794",-9.84268e-05,0.000659374,462933,0.88,0.056226,"T","C","Cancer code, self-reported: breast cancer || id:ukb-b-16890","ukb-b-16890","Cancer code, self-reported: breast cancer","Cancer code, self-reported: breast cancer ||  || ",TRUE,"igd"
"142","rs1861047","4","15393835",0.000681849,0.000320993,462933,0.0340001,0.344899,"A","G","Cancer code, self-reported: breast cancer || id:ukb-b-16890","ukb-b-16890","Cancer code, self-reported: breast cancer","Cancer code, self-reported: breast cancer ||  || ",TRUE,"igd"
"143","rs34811474","4","25408838",0.000180483,0.000360754,462933,0.62,0.230723,"A","G","Cancer code, self-reported: breast cancer || id:ukb-b-16890","ukb-b-16890","Cancer code, self-reported: breast cancer","Cancer code, self-reported: breast cancer ||  || ",TRUE,"igd"
"144","rs335466","5","176889530",-0.000384282,0.000306279,462933,0.21,0.561771,"A","C","Cancer code, self-reported: breast cancer || id:ukb-b-16890","ukb-b-16890","Cancer code, self-reported: breast cancer","Cancer code, self-reported: breast cancer ||  || ",TRUE,"igd"
"145","rs1363862","5","59670035",-1.72783e-05,0.000340882,462933,0.96,0.277817,"A","G","Cancer code, self-reported: breast cancer || id:ukb-b-16890","ukb-b-16890","Cancer code, self-reported: breast cancer","Cancer code, self-reported: breast cancer ||  || ",TRUE,"igd"
"146","rs75973558","5","26880925",0.000588665,0.000452283,462933,0.19,0.129864,"G","A","Cancer code, self-reported: breast cancer || id:ukb-b-16890","ukb-b-16890","Cancer code, self-reported: breast cancer","Cancer code, self-reported: breast cancer ||  || ",TRUE,"igd"
"147","rs12079656","1","243453119",0.000113128,0.000324766,462933,0.73,0.322824,"T","G","Cancer code, self-reported: breast cancer || id:ukb-b-16890","ukb-b-16890","Cancer code, self-reported: breast cancer","Cancer code, self-reported: breast cancer ||  || ",TRUE,"igd"
"148","rs4337674","3","132024644",-0.000148577,0.000378188,462933,0.69,0.204593,"A","G","Cancer code, self-reported: breast cancer || id:ukb-b-16890","ukb-b-16890","Cancer code, self-reported: breast cancer","Cancer code, self-reported: breast cancer ||  || ",TRUE,"igd"
"149","rs12735232","1","6867842",0.000647777,0.000417231,462933,0.12,0.157572,"C","T","Cancer code, self-reported: breast cancer || id:ukb-b-16890","ukb-b-16890","Cancer code, self-reported: breast cancer","Cancer code, self-reported: breast cancer ||  || ",TRUE,"igd"
"150","rs4387263","10","10963539",-0.000226325,0.000356007,462933,0.52,0.239635,"C","T","Cancer code, self-reported: breast cancer || id:ukb-b-16890","ukb-b-16890","Cancer code, self-reported: breast cancer","Cancer code, self-reported: breast cancer ||  || ",TRUE,"igd"
"151","rs77128898","11","61313525",-0.000564752,0.000840511,462933,0.5,0.03532,"T","C","Cancer code, self-reported: breast cancer || id:ukb-b-16890","ukb-b-16890","Cancer code, self-reported: breast cancer","Cancer code, self-reported: breast cancer ||  || ",TRUE,"igd"
"152","rs1277060","11","72473262",0.000445914,0.000352056,462933,0.21,0.254161,"C","T","Cancer code, self-reported: breast cancer || id:ukb-b-16890","ukb-b-16890","Cancer code, self-reported: breast cancer","Cancer code, self-reported: breast cancer ||  || ",TRUE,"igd"
"153","rs2860049","15","47515395",0.000141888,0.000312568,462933,0.649999,0.390822,"T","G","Cancer code, self-reported: breast cancer || id:ukb-b-16890","ukb-b-16890","Cancer code, self-reported: breast cancer","Cancer code, self-reported: breast cancer ||  || ",TRUE,"igd"
"154","rs9964724","18","35159124",-0.000188316,0.000326643,462933,0.56,0.681749,"T","C","Cancer code, self-reported: breast cancer || id:ukb-b-16890","ukb-b-16890","Cancer code, self-reported: breast cancer","Cancer code, self-reported: breast cancer ||  || ",TRUE,"igd"
"155","rs11635966","15","27234268",-0.000663139,0.000318285,462933,0.0369999,0.360656,"T","C","Cancer code, self-reported: breast cancer || id:ukb-b-16890","ukb-b-16890","Cancer code, self-reported: breast cancer","Cancer code, self-reported: breast cancer ||  || ",TRUE,"igd"
"156","rs10431632","14","77471693",0.000363144,0.000311779,462933,0.24,0.548364,"A","G","Cancer code, self-reported: breast cancer || id:ukb-b-16890","ukb-b-16890","Cancer code, self-reported: breast cancer","Cancer code, self-reported: breast cancer ||  || ",TRUE,"igd"
"157","rs9557427","13","101055584",0.000180582,0.000332176,462933,0.59,0.308068,"T","C","Cancer code, self-reported: breast cancer || id:ukb-b-16890","ukb-b-16890","Cancer code, self-reported: breast cancer","Cancer code, self-reported: breast cancer ||  || ",TRUE,"igd"
"158","rs1334297","13","58335375",7.00025e-05,0.000345006,462933,0.84,0.735522,"A","G","Cancer code, self-reported: breast cancer || id:ukb-b-16890","ukb-b-16890","Cancer code, self-reported: breast cancer","Cancer code, self-reported: breast cancer ||  || ",TRUE,"igd"
"159","rs36572","22","30200936",-9.91295e-05,0.000305,462933,0.75,0.540288,"C","T","Cancer code, self-reported: breast cancer || id:ukb-b-16890","ukb-b-16890","Cancer code, self-reported: breast cancer","Cancer code, self-reported: breast cancer ||  || ",TRUE,"igd"
"160","rs34190234","10","93443074",0.000271332,0.000311959,462933,0.38,0.416906,"C","A","Cancer code, self-reported: breast cancer || id:ukb-b-16890","ukb-b-16890","Cancer code, self-reported: breast cancer","Cancer code, self-reported: breast cancer ||  || ",TRUE,"igd"
"161","rs7921305","10","133775196",7.70301e-05,0.000349857,462933,0.83,0.252508,"A","G","Cancer code, self-reported: breast cancer || id:ukb-b-16890","ukb-b-16890","Cancer code, self-reported: breast cancer","Cancer code, self-reported: breast cancer ||  || ",TRUE,"igd"
"162","rs4491284","12","97680832",-0.000417735,0.000339641,462933,0.22,0.280997,"A","G","Cancer code, self-reported: breast cancer || id:ukb-b-16890","ukb-b-16890","Cancer code, self-reported: breast cancer","Cancer code, self-reported: breast cancer ||  || ",TRUE,"igd"
"163","rs7260359","19","45814908",0.000208165,0.000304699,462933,0.49,0.482592,"T","C","Cancer code, self-reported: breast cancer || id:ukb-b-16890","ukb-b-16890","Cancer code, self-reported: breast cancer","Cancer code, self-reported: breast cancer ||  || ",TRUE,"igd"
"164","rs57985238","16","83608565",-0.000210625,0.000311116,462933,0.5,0.398812,"G","C","Cancer code, self-reported: breast cancer || id:ukb-b-16890","ukb-b-16890","Cancer code, self-reported: breast cancer","Cancer code, self-reported: breast cancer ||  || ",TRUE,"igd"
"165","rs455868","16","89649675",-0.000174179,0.000379308,462933,0.649999,0.800192,"A","G","Cancer code, self-reported: breast cancer || id:ukb-b-16890","ukb-b-16890","Cancer code, self-reported: breast cancer","Cancer code, self-reported: breast cancer ||  || ",TRUE,"igd"
"166","rs11831208","12","15507223",2.52861e-06,0.000325236,462933,0.99,0.319532,"A","G","Cancer code, self-reported: breast cancer || id:ukb-b-16890","ukb-b-16890","Cancer code, self-reported: breast cancer","Cancer code, self-reported: breast cancer ||  || ",TRUE,"igd"
"167","rs1020875","11","39829630",-0.000174564,0.000425352,462933,0.68,0.849124,"C","G","Cancer code, self-reported: breast cancer || id:ukb-b-16890","ukb-b-16890","Cancer code, self-reported: breast cancer","Cancer code, self-reported: breast cancer ||  || ",TRUE,"igd"
"168","rs214626","9","135718584",9.02467e-05,0.000393441,462933,0.82,0.182238,"A","G","Cancer code, self-reported: breast cancer || id:ukb-b-16890","ukb-b-16890","Cancer code, self-reported: breast cancer","Cancer code, self-reported: breast cancer ||  || ",TRUE,"igd"
"169","rs12526814","6","98212163",0.000540188,0.000315426,462933,0.0870001,0.570188,"C","T","Cancer code, self-reported: breast cancer || id:ukb-b-16890","ukb-b-16890","Cancer code, self-reported: breast cancer","Cancer code, self-reported: breast cancer ||  || ",TRUE,"igd"
"170","rs35649565","10","87074564",0.000207041,0.000354015,462933,0.56,0.244911,"A","G","Cancer code, self-reported: breast cancer || id:ukb-b-16890","ukb-b-16890","Cancer code, self-reported: breast cancer","Cancer code, self-reported: breast cancer ||  || ",TRUE,"igd"
"171","rs72977992","6","140725721",0.000541677,0.000615094,462933,0.38,0.065614,"A","G","Cancer code, self-reported: breast cancer || id:ukb-b-16890","ukb-b-16890","Cancer code, self-reported: breast cancer","Cancer code, self-reported: breast cancer ||  || ",TRUE,"igd"
"172","rs567203","11","28743701",0.000292569,0.000330589,462933,0.38,0.678705,"C","T","Cancer code, self-reported: breast cancer || id:ukb-b-16890","ukb-b-16890","Cancer code, self-reported: breast cancer","Cancer code, self-reported: breast cancer ||  || ",TRUE,"igd"
"173","rs7924036","10","65191645",-0.000152211,0.000303942,462933,0.62,0.50331,"T","G","Cancer code, self-reported: breast cancer || id:ukb-b-16890","ukb-b-16890","Cancer code, self-reported: breast cancer","Cancer code, self-reported: breast cancer ||  || ",TRUE,"igd"
"174","rs10931821","2","199495830",7.63384e-05,0.000305528,462933,0.8,0.524129,"T","A","Cancer code, self-reported: breast cancer || id:ukb-b-16890","ukb-b-16890","Cancer code, self-reported: breast cancer","Cancer code, self-reported: breast cancer ||  || ",TRUE,"igd"
"175","rs533371","1","74687012",0.000165808,0.000303914,462933,0.59,0.48797,"G","A","Cancer code, self-reported: breast cancer || id:ukb-b-16890","ukb-b-16890","Cancer code, self-reported: breast cancer","Cancer code, self-reported: breast cancer ||  || ",TRUE,"igd"
"176","rs9324380","1","98461132",-0.000322063,0.000462457,462933,0.49,0.876654,"C","G","Cancer code, self-reported: breast cancer || id:ukb-b-16890","ukb-b-16890","Cancer code, self-reported: breast cancer","Cancer code, self-reported: breast cancer ||  || ",TRUE,"igd"
"177","rs1913145","2","193753869",-0.000100263,0.000306953,462933,0.74,0.537586,"C","G","Cancer code, self-reported: breast cancer || id:ukb-b-16890","ukb-b-16890","Cancer code, self-reported: breast cancer","Cancer code, self-reported: breast cancer ||  || ",TRUE,"igd"
"178","rs76076331","2","10977585",-4.88141e-05,0.000464757,462933,0.92,0.123505,"T","C","Cancer code, self-reported: breast cancer || id:ukb-b-16890","ukb-b-16890","Cancer code, self-reported: breast cancer","Cancer code, self-reported: breast cancer ||  || ",TRUE,"igd"
"179","rs7757476","6","14711961",0.000124557,0.000396285,462933,0.75,0.18738,"A","G","Cancer code, self-reported: breast cancer || id:ukb-b-16890","ukb-b-16890","Cancer code, self-reported: breast cancer","Cancer code, self-reported: breast cancer ||  || ",TRUE,"igd"
"180","rs2974337","8","42390873",0.000324613,0.00030366,462933,0.29,0.499826,"T","C","Cancer code, self-reported: breast cancer || id:ukb-b-16890","ukb-b-16890","Cancer code, self-reported: breast cancer","Cancer code, self-reported: breast cancer ||  || ",TRUE,"igd"
"181","rs1914391","7","71690601",-0.000113117,0.000306502,462933,0.709999,0.441798,"T","C","Cancer code, self-reported: breast cancer || id:ukb-b-16890","ukb-b-16890","Cancer code, self-reported: breast cancer","Cancer code, self-reported: breast cancer ||  || ",TRUE,"igd"
"182","rs215614","7","32347335",0.00031364,0.00031465,462933,0.32,0.627801,"A","G","Cancer code, self-reported: breast cancer || id:ukb-b-16890","ukb-b-16890","Cancer code, self-reported: breast cancer","Cancer code, self-reported: breast cancer ||  || ",TRUE,"igd"
"183","rs12468040","2","44854981",0.000344012,0.000312899,462933,0.27,0.620343,"G","T","Cancer code, self-reported: breast cancer || id:ukb-b-16890","ukb-b-16890","Cancer code, self-reported: breast cancer","Cancer code, self-reported: breast cancer ||  || ",TRUE,"igd"
"184","rs67593591","2","59145722",0.000438058,0.000465057,462933,0.35,0.125825,"A","G","Cancer code, self-reported: breast cancer || id:ukb-b-16890","ukb-b-16890","Cancer code, self-reported: breast cancer","Cancer code, self-reported: breast cancer ||  || ",TRUE,"igd"
"185","rs549845","1","44076469",0.000448609,0.00033109,462933,0.18,0.698799,"A","G","Cancer code, self-reported: breast cancer || id:ukb-b-16890","ukb-b-16890","Cancer code, self-reported: breast cancer","Cancer code, self-reported: breast cancer ||  || ",TRUE,"igd"
"186","rs6440053","3","141659512",2.93443e-05,0.000417423,462933,0.94,0.841266,"A","T","Cancer code, self-reported: breast cancer || id:ukb-b-16890","ukb-b-16890","Cancer code, self-reported: breast cancer","Cancer code, self-reported: breast cancer ||  || ",TRUE,"igd"
"187","rs10934957","3","93874454",0.000142721,0.000306627,462933,0.64,0.524873,"C","G","Cancer code, self-reported: breast cancer || id:ukb-b-16890","ukb-b-16890","Cancer code, self-reported: breast cancer","Cancer code, self-reported: breast cancer ||  || ",TRUE,"igd"
"188","rs1391438","4","106151843",-0.000270819,0.000327718,462933,0.41,0.687499,"C","T","Cancer code, self-reported: breast cancer || id:ukb-b-16890","ukb-b-16890","Cancer code, self-reported: breast cancer","Cancer code, self-reported: breast cancer ||  || ",TRUE,"igd"
"189","rs10518019","4","67959875",-0.000240333,0.000303769,462933,0.43,0.476618,"G","A","Cancer code, self-reported: breast cancer || id:ukb-b-16890","ukb-b-16890","Cancer code, self-reported: breast cancer","Cancer code, self-reported: breast cancer ||  || ",TRUE,"igd"
"190","rs7698230","4","45979755",0.000135117,0.000305973,462933,0.66,0.455403,"A","G","Cancer code, self-reported: breast cancer || id:ukb-b-16890","ukb-b-16890","Cancer code, self-reported: breast cancer","Cancer code, self-reported: breast cancer ||  || ",TRUE,"igd"
"191","rs11097376","4","94544223",0.000143307,0.000307889,462933,0.64,0.549655,"A","G","Cancer code, self-reported: breast cancer || id:ukb-b-16890","ukb-b-16890","Cancer code, self-reported: breast cancer","Cancer code, self-reported: breast cancer ||  || ",TRUE,"igd"
"192","rs772921","12","56403577",-2.14868e-05,0.000320361,462933,0.95,0.340801,"T","C","Cancer code, self-reported: breast cancer || id:ukb-b-16890","ukb-b-16890","Cancer code, self-reported: breast cancer","Cancer code, self-reported: breast cancer ||  || ",TRUE,"igd"
"193","rs868698","17","19185211",0.000419379,0.000472573,462933,0.37,0.117151,"T","G","Cancer code, self-reported: breast cancer || id:ukb-b-16890","ukb-b-16890","Cancer code, self-reported: breast cancer","Cancer code, self-reported: breast cancer ||  || ",TRUE,"igd"
"194","rs303752","18","21074255",0.000125282,0.000313441,462933,0.69,0.408396,"A","G","Cancer code, self-reported: breast cancer || id:ukb-b-16890","ukb-b-16890","Cancer code, self-reported: breast cancer","Cancer code, self-reported: breast cancer ||  || ",TRUE,"igd"
"195","rs9934839","16","1252259",-0.000259684,0.00030455,462933,0.39,0.522986,"G","A","Cancer code, self-reported: breast cancer || id:ukb-b-16890","ukb-b-16890","Cancer code, self-reported: breast cancer","Cancer code, self-reported: breast cancer ||  || ",TRUE,"igd"
"196","rs2242523","19","36231646",0.000540721,0.000306257,462933,0.0769999,0.457105,"T","C","Cancer code, self-reported: breast cancer || id:ukb-b-16890","ukb-b-16890","Cancer code, self-reported: breast cancer","Cancer code, self-reported: breast cancer ||  || ",TRUE,"igd"
"197","rs6002948","22","43156705",-0.000533006,0.000306472,462933,0.0819993,0.477603,"A","C","Cancer code, self-reported: breast cancer || id:ukb-b-16890","ukb-b-16890","Cancer code, self-reported: breast cancer","Cancer code, self-reported: breast cancer ||  || ",TRUE,"igd"
"198","rs736282","14","94287860",0.000190049,0.000304873,462933,0.53,0.520992,"C","T","Cancer code, self-reported: breast cancer || id:ukb-b-16890","ukb-b-16890","Cancer code, self-reported: breast cancer","Cancer code, self-reported: breast cancer ||  || ",TRUE,"igd"
"199","rs117799466","15","34659517",0.000697119,0.00033305,462933,0.0359998,0.336988,"C","G","Cancer code, self-reported: breast cancer || id:ukb-b-16890","ukb-b-16890","Cancer code, self-reported: breast cancer","Cancer code, self-reported: breast cancer ||  || ",TRUE,"igd"
"200","rs2717609","8","143769252",0.000319919,0.00030718,462933,0.3,0.466009,"T","A","Cancer code, self-reported: breast cancer || id:ukb-b-16890","ukb-b-16890","Cancer code, self-reported: breast cancer","Cancer code, self-reported: breast cancer ||  || ",TRUE,"igd"
"201","rs12448821","16","24703630",0.000106632,0.000353887,462933,0.760001,0.754539,"G","A","Cancer code, self-reported: breast cancer || id:ukb-b-16890","ukb-b-16890","Cancer code, self-reported: breast cancer","Cancer code, self-reported: breast cancer ||  || ",TRUE,"igd"
"202","rs4887925","16","73784416",0.000358809,0.000309952,462933,0.25,0.412456,"C","G","Cancer code, self-reported: breast cancer || id:ukb-b-16890","ukb-b-16890","Cancer code, self-reported: breast cancer","Cancer code, self-reported: breast cancer ||  || ",TRUE,"igd"
"203","rs34538116","20","62308430",0.000649532,0.000397886,462933,0.1,0.186173,"T","C","Cancer code, self-reported: breast cancer || id:ukb-b-16890","ukb-b-16890","Cancer code, self-reported: breast cancer","Cancer code, self-reported: breast cancer ||  || ",TRUE,"igd"
"204","rs1423920","16","63523020",9.35551e-05,0.000315857,462933,0.77,0.631322,"G","A","Cancer code, self-reported: breast cancer || id:ukb-b-16890","ukb-b-16890","Cancer code, self-reported: breast cancer","Cancer code, self-reported: breast cancer ||  || ",TRUE,"igd"
"205","rs67651814","20","43598154",0.000330606,0.000336516,462933,0.33,0.29011,"C","G","Cancer code, self-reported: breast cancer || id:ukb-b-16890","ukb-b-16890","Cancer code, self-reported: breast cancer","Cancer code, self-reported: breast cancer ||  || ",TRUE,"igd"
"206","rs6042943","20","14813002",9.65472e-05,0.000375327,462933,0.8,0.208155,"A","C","Cancer code, self-reported: breast cancer || id:ukb-b-16890","ukb-b-16890","Cancer code, self-reported: breast cancer","Cancer code, self-reported: breast cancer ||  || ",TRUE,"igd"
"207","rs2201718","12","83925736",-0.000129965,0.000304366,462933,0.67,0.462928,"C","T","Cancer code, self-reported: breast cancer || id:ukb-b-16890","ukb-b-16890","Cancer code, self-reported: breast cancer","Cancer code, self-reported: breast cancer ||  || ",TRUE,"igd"
"208","rs1254989","11","95508121",-6.41426e-05,0.000304215,462933,0.83,0.465371,"G","A","Cancer code, self-reported: breast cancer || id:ukb-b-16890","ukb-b-16890","Cancer code, self-reported: breast cancer","Cancer code, self-reported: breast cancer ||  || ",TRUE,"igd"
"209","rs2128941","7","49902975",0.00057961,0.00030479,462933,0.0569994,0.478221,"A","G","Cancer code, self-reported: breast cancer || id:ukb-b-16890","ukb-b-16890","Cancer code, self-reported: breast cancer","Cancer code, self-reported: breast cancer ||  || ",TRUE,"igd"
